,Price,Open,High,Low
2015-01-01,26586.0,26610.0,26647.0,26539.0
2015-01-02,26700.0,26585.0,26740.0,26285.0
2015-01-03,,,,
2015-01-04,,,,
2015-01-05,26847.0,26800.0,26911.0,26650.0
2015-01-06,27385.0,27095.0,27442.0,27094.0
2015-01-07,27159.0,27328.0,27350.0,27110.0
2015-01-08,26808.0,27150.0,27150.0,26770.0
2015-01-09,26806.0,26751.0,26877.0,26680.0
2015-01-10,,,,
2015-01-11,,,,
2015-01-12,27032.0,26865.0,27119.0,26839.0
2015-01-13,27071.0,27118.0,27258.0,27020.0
2015-01-14,27210.0,27013.0,27280.0,26916.0
2015-01-15,27493.0,27150.0,27546.0,26731.0
2015-01-16,27673.0,27540.0,27798.0,27383.0
2015-01-17,27627.0,27627.0,27627.0,27627.0
2015-01-18,,,,
2015-01-19,27718.0,27642.0,27784.0,27633.0
2015-01-20,28098.0,27700.0,28145.0,27700.0
2015-01-21,27992.0,28071.0,28298.0,27850.0
2015-01-22,28055.0,27966.0,28240.0,27762.0
2015-01-23,27884.0,28015.0,28114.0,27813.0
2015-01-24,,,,
2015-01-25,27887.0,27887.0,27887.0,27887.0
2015-01-26,,,,
2015-01-27,27934.0,27815.0,28033.0,27584.0
2015-01-28,27795.0,27896.0,27974.0,27771.0
2015-01-29,27470.0,27782.0,27848.0,27435.0
2015-01-30,27911.0,27540.0,28260.0,27470.0
2015-01-31,,,,
2015-02-01,,,,
2015-02-02,28071.0,28120.0,28197.0,27743.0
2015-02-03,27687.0,28071.0,28079.0,27600.0
2015-02-04,27814.0,27660.0,27835.0,27578.0
2015-02-05,27683.0,27785.0,27900.0,27461.0
2015-02-06,26968.0,27498.0,27598.0,26912.0
2015-02-07,,,,
2015-02-08,,,,
2015-02-09,27119.0,27011.0,27172.0,26996.0
2015-02-10,27016.0,27180.0,27180.0,26984.0
2015-02-11,26817.0,27050.0,27050.0,26770.0
2015-02-12,26635.0,26756.0,26920.0,26620.0
2015-02-13,26694.0,26700.0,26815.0,26642.0
2015-02-14,,,,
2015-02-15,,,,
2015-02-16,26742.0,26720.0,26884.0,26720.0
2015-02-17,26241.0,26722.0,26722.0,26215.0
2015-02-18,26181.0,26280.0,26390.0,26128.0
2015-02-19,26294.0,26260.0,26521.0,26199.0
2015-02-20,26317.0,26337.0,26435.0,26186.0
2015-02-21,26319.0,26319.0,26319.0,26319.0
2015-02-22,,,,
2015-02-23,26178.0,26281.0,26310.0,26001.0
2015-02-24,26077.0,26219.0,26277.0,26015.0
2015-02-25,26142.0,26138.0,26343.0,26120.0
2015-02-26,26239.0,26200.0,26370.0,26200.0
2015-02-27,26206.0,26243.0,26320.0,26132.0
2015-02-28,26480.0,26111.0,26518.0,26043.0
2015-03-01,,,,
2015-03-02,26541.0,26508.0,26997.0,26440.0
2015-03-03,26453.0,26527.0,26601.0,26400.0
2015-03-04,26539.0,26500.0,26600.0,26401.0
2015-03-05,26473.0,26510.0,26599.0,26418.0
2015-03-06,26058.0,26485.0,26530.0,26025.0
2015-03-07,,,,
2015-03-08,,,,
2015-03-09,26062.0,26096.0,26177.0,26041.0
2015-03-10,25960.0,26050.0,26100.0,25825.0
2015-03-11,25716.0,25979.0,25996.0,25691.0
2015-03-12,25690.0,25750.0,25890.0,25609.0
2015-03-13,25909.0,25750.0,25945.0,25750.0
2015-03-14,25922.0,25922.0,25922.0,25922.0
2015-03-15,,,,
2015-03-16,25797.0,25945.0,25967.0,25735.0
2015-03-17,25635.0,25741.0,25830.0,25551.0
2015-03-18,25653.0,25665.0,25700.0,25520.0
2015-03-19,25970.0,25712.0,25992.0,25712.0
2015-03-20,26195.0,25996.0,26249.0,25915.0
2015-03-21,,,,
2015-03-22,,,,
2015-03-23,26208.0,26195.0,26226.0,26089.0
2015-03-24,26350.0,26180.0,26389.0,26140.0
2015-03-25,26491.0,26313.0,26519.0,26219.0
2015-03-26,26805.0,26519.0,26991.0,26519.0
2015-03-27,26564.0,26774.0,26774.0,26381.0
2015-03-28,,,,
2015-03-29,,,,
2015-03-30,26239.0,26468.0,26468.0,26200.0
2015-03-31,26061.0,26200.0,26310.0,26020.0
2015-04-01,26510.0,26122.0,26800.0,26060.0
2015-04-02,26548.0,26601.0,26697.0,26460.0
2015-04-03,,,,
2015-04-04,,,,
2015-04-05,,,,
2015-04-06,26941.0,26625.0,27038.0,26625.0
2015-04-07,26829.0,26925.0,26928.0,26801.0
2015-04-08,26682.0,26842.0,26873.0,26615.0
2015-04-09,26452.0,26612.0,26612.0,26410.0
2015-04-10,26703.0,26482.0,26750.0,26452.0
2015-04-11,,,,
2015-04-12,,,,
2015-04-13,26616.0,26703.0,26730.0,26550.0
2015-04-14,26454.0,26569.0,26569.0,26300.0
2015-04-15,26644.0,26450.0,26680.0,26388.0
2015-04-16,26533.0,26644.0,26740.0,26472.0
2015-04-17,26702.0,26530.0,26730.0,26520.0
2015-04-18,,,,
2015-04-19,,,,
2015-04-20,26719.0,26699.0,26849.0,26670.0
2015-04-21,26803.0,26745.0,26820.0,26632.0
2015-04-22,26489.0,26778.0,26848.0,26459.0
2015-04-23,26777.0,26515.0,26792.0,26461.0
2015-04-24,26574.0,26734.0,26839.0,26521.0
2015-04-25,,,,
2015-04-26,,,,
2015-04-27,26944.0,26624.0,26980.0,26588.0
2015-04-28,27036.0,26969.0,27059.0,26833.0
2015-04-29,27096.0,26985.0,27140.0,26953.0
2015-04-30,26593.0,27056.0,27148.0,26500.0
2015-05-01,26483.0,26572.0,26572.0,26300.0
2015-05-02,,,,
2015-05-03,,,,
2015-05-04,26747.0,26580.0,27114.0,26580.0
2015-05-05,26852.0,26734.0,27060.0,26640.0
2015-05-06,26928.0,26950.0,27070.0,26835.0
2015-05-07,26951.0,26904.0,27050.0,26862.0
2015-05-08,26903.0,26960.0,27019.0,26825.0
2015-05-09,,,,
2015-05-10,,,,
2015-05-11,26853.0,26898.0,26969.0,26786.0
2015-05-12,27180.0,26899.0,27225.0,26892.0
2015-05-13,27539.0,27131.0,27569.0,27063.0
2015-05-14,27444.0,27465.0,27599.0,27370.0
2015-05-15,27473.0,27417.0,27500.0,27260.0
2015-05-16,,,,
2015-05-17,,,,
2015-05-18,27629.0,27518.0,27695.0,27513.0
2015-05-19,27309.0,27565.0,27599.0,27266.0
2015-05-20,27299.0,27280.0,27370.0,27205.0
2015-05-21,27130.0,27280.0,27339.0,27108.0
2015-05-22,27105.0,27144.0,27327.0,27071.0
2015-05-23,,,,
2015-05-24,,,,
2015-05-25,27180.0,27112.0,27197.0,27101.0
2015-05-26,26917.0,27154.0,27227.0,26884.0
2015-05-27,26900.0,26929.0,26994.0,26856.0
2015-05-28,26899.0,26877.0,26950.0,26760.0
2015-05-29,26866.0,26900.0,26949.0,26820.0
2015-05-30,,,,
2015-05-31,,,,
2015-06-01,26690.0,26926.0,27014.0,26133.0
2015-06-02,26856.0,26743.0,26929.0,26730.0
2015-06-03,26806.0,26908.0,27000.0,26775.0
2015-06-04,26564.0,26840.0,26869.0,26454.0
2015-06-05,26439.0,26599.0,26613.0,26371.0
2015-06-06,,,,
2015-06-07,,,,
2015-06-08,26693.0,26691.0,26749.0,26621.0
2015-06-09,26754.0,26715.0,26817.0,26665.0
2015-06-10,26850.0,26750.0,26958.0,26730.0
2015-06-11,26772.0,26864.0,26864.0,26681.0
2015-06-12,26773.0,26770.0,26860.0,26725.0
2015-06-13,,,,
2015-06-14,,,,
2015-06-15,26915.0,26795.0,26997.0,26625.0
2015-06-16,26831.0,26938.0,26958.0,26760.0
2015-06-17,26763.0,26828.0,26828.0,26690.0
2015-06-18,27031.0,26760.0,27120.0,26760.0
2015-06-19,26959.0,27020.0,27061.0,26901.0
2015-06-20,,,,
2015-06-21,,,,
2015-06-22,26589.0,26941.0,26941.0,26570.0
2015-06-23,26478.0,26650.0,26676.0,26461.0
2015-06-24,26418.0,26510.0,26559.0,26361.0
2015-06-25,26365.0,26470.0,26494.0,26342.0
2015-06-26,26399.0,26383.0,26468.0,26292.0
2015-06-27,,,,
2015-06-28,,,,
2015-06-29,26508.0,26482.0,26716.0,26461.0
2015-06-30,26301.0,26452.0,26470.0,26211.0
2015-07-01,26182.0,26275.0,26380.0,26160.0
2015-07-02,26024.0,26164.0,26246.0,25985.0
2015-07-03,26393.0,26010.0,26800.0,26005.0
2015-07-04,,,,
2015-07-05,,,,
2015-07-06,26335.0,26393.0,26397.0,26205.0
2015-07-07,26032.0,26271.0,26288.0,25886.0
2015-07-08,26222.0,26011.0,26250.0,25870.0
2015-07-09,26071.0,26130.0,26250.0,26050.0
2015-07-10,26071.0,26080.0,26175.0,26030.0
2015-07-11,,,,
2015-07-12,,,,
2015-07-13,26033.0,26122.0,26125.0,25952.0
2015-07-14,25934.0,26026.0,26095.0,25911.0
2015-07-15,25852.0,25987.0,25987.0,25774.0
2015-07-16,25774.0,25824.0,25824.0,25720.0
2015-07-17,25505.0,25780.0,25780.0,25482.0
2015-07-18,,,,
2015-07-19,,,,
2015-07-20,25042.0,25480.0,25480.0,24910.0
2015-07-21,24908.0,24997.0,25065.0,24881.0
2015-07-22,24688.0,24850.0,24850.0,24591.0
2015-07-23,24742.0,24786.0,24919.0,24716.0
2015-07-24,24729.0,24701.0,24829.0,24470.0
2015-07-25,,,,
2015-07-26,,,,
2015-07-27,24910.0,24694.0,25034.0,24671.0
2015-07-28,24768.0,24837.0,24870.0,24714.0
2015-07-29,24729.0,24784.0,24849.0,24705.0
2015-07-30,24739.0,24702.0,24824.0,24581.0
2015-07-31,24789.0,24680.0,24919.0,24551.0
2015-08-01,,,,
2015-08-02,,,,
2015-08-03,24696.0,24823.0,24886.0,24666.0
2015-08-04,24638.0,24670.0,24704.0,24540.0
2015-08-05,24545.0,24614.0,24635.0,24500.0
2015-08-06,24692.0,24583.0,24745.0,24530.0
2015-08-07,24796.0,24682.0,24872.0,24615.0
2015-08-08,,,,
2015-08-09,,,,
2015-08-10,25026.0,24800.0,25096.0,24774.0
2015-08-11,25323.0,25045.0,25430.0,25002.0
2015-08-12,25898.0,25400.0,25923.0,25400.0
2015-08-13,25763.0,25785.0,25859.0,25700.0
2015-08-14,25636.0,25706.0,25832.0,25605.0
2015-08-15,,,,
2015-08-16,,,,
2015-08-17,25924.0,25710.0,25999.0,25710.0
2015-08-18,25890.0,25920.0,25971.0,25732.0
2015-08-19,26084.0,25870.0,26115.0,25801.0
2015-08-20,26723.0,26145.0,26746.0,26145.0
2015-08-21,27090.0,26780.0,27177.0,26676.0
2015-08-22,,,,
2015-08-23,,,,
2015-08-24,27290.0,27100.0,27689.0,27070.0
2015-08-25,26595.0,27250.0,27250.0,26533.0
2015-08-26,26341.0,26602.0,26694.0,26075.0
2015-08-27,26197.0,26271.0,26360.0,26102.0
2015-08-28,26490.0,26220.0,26600.0,26220.0
2015-08-29,,,,
2015-08-30,,,,
2015-08-31,26540.0,26490.0,26600.0,26363.0
2015-09-01,26623.0,26636.0,26847.0,26530.0
2015-09-02,26417.0,26594.0,26639.0,26200.0
2015-09-03,26196.0,26432.0,26474.0,26130.0
2015-09-04,26256.0,26325.0,26490.0,26001.0
2015-09-05,,,,
2015-09-06,,,,
2015-09-07,26506.0,26595.0,26620.0,26465.0
2015-09-08,26436.0,26500.0,26567.0,26391.0
2015-09-09,26069.0,26450.0,26486.0,26010.0
2015-09-10,26179.0,26150.0,26299.0,26062.0
2015-09-11,25981.0,26190.0,26209.0,25918.0
2015-09-12,,,,
2015-09-13,,,,
2015-09-14,26078.0,26045.0,26128.0,25970.0
2015-09-15,25982.0,26089.0,26095.0,25956.0
2015-09-16,26285.0,25994.0,26367.0,25967.0
2015-09-17,26176.0,26212.0,26273.0,26113.0
2015-09-18,26476.0,26300.0,26591.0,26300.0
2015-09-19,,,,
2015-09-20,,,,
2015-09-21,26345.0,26488.0,26550.0,26281.0
2015-09-22,26242.0,26320.0,26470.0,26180.0
2015-09-23,26476.0,26240.0,26509.0,26210.0
2015-09-24,26965.0,26510.0,27078.0,26462.0
2015-09-25,26744.0,26900.0,26900.0,26634.0
2015-09-26,,,,
2015-09-27,,,,
2015-09-28,26508.0,26746.0,26746.0,26361.0
2015-09-29,26253.0,26574.0,26590.0,26228.0
2015-09-30,25803.0,26211.0,26371.0,25737.0
2015-10-01,25782.0,25780.0,25863.0,25680.0
2015-10-02,,,,
2015-10-03,,,,
2015-10-04,,,,
2015-10-05,26094.0,26159.0,26263.0,25960.0
2015-10-06,26512.0,26300.0,26621.0,26272.0
2015-10-07,26449.0,26555.0,26675.0,26320.0
2015-10-08,26351.0,26400.0,26499.0,26240.0
2015-10-09,26515.0,26311.0,26595.0,26263.0
2015-10-10,,,,
2015-10-11,,,,
2015-10-12,26678.0,26626.0,26820.0,26527.0
2015-10-13,26872.0,26640.0,26916.0,26503.0
2015-10-14,27088.0,26920.0,27164.0,26756.0
2015-10-15,27142.0,27130.0,27228.0,26940.0
2015-10-16,27029.0,27102.0,27102.0,26942.0
2015-10-17,,,,
2015-10-18,,,,
2015-10-19,26882.0,26950.0,26950.0,26803.0
2015-10-20,26993.0,26821.0,27058.0,26756.0
2015-10-21,26821.0,27036.0,27080.0,26801.0
2015-10-22,26737.0,26850.0,26877.0,26715.0
2015-10-23,26676.0,26759.0,26965.0,26602.0
2015-10-24,,,,
2015-10-25,,,,
2015-10-26,26689.0,26750.0,26790.0,26642.0
2015-10-27,26790.0,26678.0,26820.0,26650.0
2015-10-28,26930.0,26824.0,27033.0,26797.0
2015-10-29,26470.0,26800.0,26800.0,26450.0
2015-10-30,26355.0,26464.0,26464.0,26281.0
2015-10-31,,,,
2015-11-01,,,,
2015-11-02,26228.0,26450.0,26450.0,26181.0
2015-11-03,25863.0,26240.0,26310.0,25833.0
2015-11-04,25646.0,25950.0,25993.0,25126.0
2015-11-05,25791.0,25661.0,25917.0,25661.0
2015-11-06,25538.0,25834.0,25918.0,25485.0
2015-11-07,,,,
2015-11-08,,,,
2015-11-09,25699.0,25619.0,25780.0,25619.0
2015-11-10,25604.0,25710.0,25750.0,25510.0
2015-11-11,25490.0,25523.0,25548.0,25477.0
2015-11-12,25341.0,25480.0,25555.0,25223.0
2015-11-13,25388.0,25395.0,25519.0,25351.0
2015-11-14,,,,
2015-11-15,,,,
2015-11-16,25360.0,25488.0,25740.0,25336.0
2015-11-17,25038.0,25284.0,25375.0,24978.0
2015-11-18,25108.0,25000.0,25180.0,25000.0
2015-11-19,25308.0,25199.0,25442.0,25110.0
2015-11-20,25252.0,25356.0,25496.0,25214.0
2015-11-21,,,,
2015-11-22,,,,
2015-11-23,25180.0,25235.0,25287.0,25084.0
2015-11-24,25305.0,25199.0,25395.0,25173.0
2015-11-25,25230.0,25250.0,25280.0,25154.0
2015-11-26,25288.0,25260.0,25346.0,25250.0
2015-11-27,25071.0,25221.0,25281.0,24981.0
2015-11-28,,,,
2015-11-29,,,,
2015-11-30,25114.0,24961.0,25180.0,24950.0
2015-12-01,25018.0,25189.0,25250.0,24975.0
2015-12-02,24895.0,25169.0,25190.0,24860.0
2015-12-03,25043.0,24890.0,25149.0,24803.0
2015-12-04,25631.0,25110.0,25750.0,25066.0
2015-12-05,,,,
2015-12-06,,,,
2015-12-07,25443.0,25589.0,25620.0,25410.0
2015-12-08,25424.0,25406.0,25515.0,25275.0
2015-12-09,25499.0,25470.0,25637.0,25333.0
2015-12-10,25328.0,25455.0,25455.0,25303.0
2015-12-11,25581.0,25300.0,25610.0,25162.0
2015-12-12,,,,
2015-12-13,,,,
2015-12-14,25256.0,25518.0,25539.0,25241.0
2015-12-15,25173.0,25256.0,25317.0,25111.0
2015-12-16,25372.0,25235.0,25400.0,25122.0
2015-12-17,24766.0,25302.0,25302.0,24671.0
2015-12-18,25011.0,24802.0,25146.0,24781.0
2015-12-19,,,,
2015-12-20,,,,
2015-12-21,25302.0,25067.0,25335.0,25051.0
2015-12-22,25176.0,25242.0,25316.0,25155.0
2015-12-23,25004.0,25150.0,25170.0,24992.0
2015-12-24,25147.0,25040.0,25180.0,25035.0
2015-12-25,,,,
2015-12-26,,,,
2015-12-27,,,,
2015-12-28,25077.0,25136.0,25142.0,25062.0
2015-12-29,25106.0,25129.0,25243.0,25092.0
2015-12-30,25017.0,25175.0,25224.0,25003.0
2015-12-31,24952.0,25032.0,25058.0,24880.0
2016-01-01,24943.0,24976.0,25071.0,24900.0
2016-01-02,,,,
2016-01-03,,,,
2016-01-04,25423.0,25234.0,25505.0,25030.0
2016-01-05,25430.0,25360.0,25486.0,25360.0
2016-01-06,25756.0,25440.0,25789.0,25421.0
2016-01-07,26106.0,25800.0,26130.0,25780.0
2016-01-08,25989.0,26035.0,26095.0,25785.0
2016-01-09,,,,
2016-01-10,,,,
2016-01-11,25877.0,26075.0,26110.0,25831.0
2016-01-12,25689.0,25876.0,25966.0,25630.0
2016-01-13,25750.0,25660.0,25794.0,25530.0
2016-01-14,25652.0,25800.0,26028.0,25609.0
2016-01-15,26126.0,25630.0,26220.0,25630.0
2016-01-16,,,,
2016-01-17,,,,
2016-01-18,26070.0,26073.0,26110.0,25971.0
2016-01-19,26064.0,26041.0,26085.0,25873.0
2016-01-20,26563.0,26100.0,26661.0,26100.0
2016-01-21,26190.0,26473.0,26513.0,26150.0
2016-01-22,26168.0,26254.0,26301.0,26113.0
2016-01-23,,,,
2016-01-24,,,,
2016-01-25,26391.0,26170.0,26444.0,26170.0
2016-01-26,,,,
2016-01-27,26736.0,26450.0,26819.0,26450.0
2016-01-28,26701.0,26850.0,26900.0,26600.0
2016-01-29,26709.0,26679.0,26763.0,26527.0
2016-01-30,,,,
2016-01-31,,,,
2016-02-01,26973.0,26755.0,27049.0,26645.0
2016-02-02,27008.0,27782.0,27782.0,26861.0
2016-02-03,27285.0,27134.0,27325.0,26976.0
2016-02-04,27656.0,27235.0,27800.0,27207.0
2016-02-05,27568.0,27770.0,28113.0,26850.0
2016-02-06,,,,
2016-02-07,,,,
2016-02-08,28367.0,27496.0,28429.0,27496.0
2016-02-09,28325.0,28345.0,28423.0,28078.0
2016-02-10,28211.0,28238.0,28250.0,27935.0
2016-02-11,29706.0,28250.0,30000.0,28250.0
2016-02-12,29287.0,29517.0,29722.0,29251.0
2016-02-13,,,,
2016-02-14,,,,
2016-02-15,28595.0,29251.0,29251.0,28521.0
2016-02-16,28800.0,28550.0,28969.0,28111.0
2016-02-17,28781.0,28790.0,28940.0,28637.0
2016-02-18,29210.0,28780.0,29270.0,28614.0
2016-02-19,29432.0,29229.0,29547.0,29180.0
2016-02-20,,,,
2016-02-21,,,,
2016-02-22,28916.0,29340.0,29340.0,28762.0
2016-02-23,29234.0,29095.0,29317.0,29077.0
2016-02-24,29523.0,29310.0,29884.0,29210.0
2016-02-25,29735.0,29470.0,29765.0,29363.0
2016-02-26,29290.0,29588.0,29692.0,29135.0
2016-02-27,,,,
2016-02-28,,,,
2016-02-29,29437.0,29236.0,29625.0,29236.0
2016-03-01,29097.0,29600.0,29754.0,29080.0
2016-03-02,29219.0,29009.0,29240.0,28960.0
2016-03-03,29381.0,29209.0,29525.0,29120.0
2016-03-04,29519.0,29684.0,29983.0,29233.0
2016-03-05,,,,
2016-03-06,,,,
2016-03-07,29597.0,29875.0,29960.0,29556.0
2016-03-08,29819.0,29760.0,30147.0,29760.0
2016-03-09,29597.0,29750.0,29750.0,29317.0
2016-03-10,29928.0,29500.0,29950.0,29088.0
2016-03-11,29504.0,29905.0,29920.0,29470.0
2016-03-12,,,,
2016-03-13,,,,
2016-03-14,29204.0,29449.0,29570.0,29140.0
2016-03-15,29050.0,29109.0,29249.0,28885.0
2016-03-16,28970.0,29080.0,29157.0,28935.0
2016-03-17,29357.0,29044.0,29590.0,29044.0
2016-03-18,29135.0,29400.0,29460.0,29011.0
2016-03-19,,,,
2016-03-20,,,,
2016-03-21,28937.0,29102.0,29119.0,28831.0
2016-03-22,29047.0,28950.0,29337.0,28893.0
2016-03-23,28568.0,29000.0,29000.0,28510.0
2016-03-24,28560.0,28503.0,28626.0,28450.0
2016-03-25,,,,
2016-03-26,,,,
2016-03-27,,,,
2016-03-28,28400.0,28452.0,28487.0,28250.0
2016-03-29,28616.0,28388.0,28666.0,28281.0
2016-03-30,28301.0,28627.0,28692.0,28226.0
2016-03-31,28441.0,28290.0,28539.0,28290.0
2016-04-01,28056.0,28410.0,28530.0,27955.0
2016-04-02,,,,
2016-04-03,,,,
2016-04-04,28086.0,28096.0,28187.0,28032.0
2016-04-05,28562.0,28224.0,28699.0,28190.0
2016-04-06,28571.0,28700.0,28749.0,28510.0
2016-04-07,28972.0,28639.0,29030.0,28618.0
2016-04-08,29047.0,29000.0,29074.0,28765.0
2016-04-09,,,,
2016-04-10,,,,
2016-04-11,29254.0,29099.0,29315.0,29063.0
2016-04-12,29250.0,29190.0,29395.0,29152.0
2016-04-13,29128.0,29212.0,29212.0,28980.0
2016-04-14,28731.0,29020.0,29050.0,28705.0
2016-04-15,28918.0,28799.0,28950.0,28772.0
2016-04-16,,,,
2016-04-17,,,,
2016-04-18,28935.0,28950.0,29128.0,28901.0
2016-04-19,29255.0,29050.0,29299.0,29050.0
2016-04-20,29249.0,29289.0,29345.0,29101.0
2016-04-21,29287.0,29216.0,29670.0,29140.0
2016-04-22,28941.0,29321.0,29343.0,28914.0
2016-04-23,,,,
2016-04-24,,,,
2016-04-25,29183.0,29050.0,29200.0,28983.0
2016-04-26,29158.0,29151.0,29199.0,28981.0
2016-04-27,29319.0,29200.0,29355.0,29200.0
2016-04-28,29627.0,29268.0,29650.0,29200.0
2016-04-29,30138.0,29651.0,30192.0,29651.0
2016-04-30,,,,
2016-05-01,,,,
2016-05-02,30213.0,30177.0,30342.0,30120.0
2016-05-03,30154.0,30175.0,30337.0,30050.0
2016-05-04,29934.0,30145.0,30200.0,29920.0
2016-05-05,29868.0,29912.0,30135.0,29832.0
2016-05-06,30366.0,29950.0,30400.0,29950.0
2016-05-07,,,,
2016-05-08,,,,
2016-05-09,29805.0,30312.0,30312.0,29750.0
2016-05-10,29785.0,29851.0,29862.0,29622.0
2016-05-11,29933.0,29825.0,30072.0,29825.0
2016-05-12,29904.0,29933.0,30085.0,29765.0
2016-05-13,30023.0,29900.0,30058.0,29766.0
2016-05-14,,,,
2016-05-15,,,,
2016-05-16,29963.0,30075.0,30245.0,29915.0
2016-05-17,30045.0,30040.0,30130.0,29860.0
2016-05-18,30049.0,30024.0,30078.0,29910.0
2016-05-19,29800.0,29995.0,29995.0,29632.0
2016-05-20,29693.0,29730.0,29867.0,29661.0
2016-05-21,,,,
2016-05-22,,,,
2016-05-23,29682.0,29694.0,29745.0,29576.0
2016-05-24,29306.0,29580.0,29651.0,29283.0
2016-05-25,28945.0,29278.0,29278.0,28884.0
2016-05-26,28729.0,28996.0,29157.0,28705.0
2016-05-27,28590.0,28840.0,28840.0,28547.0
2016-05-28,,,,
2016-05-29,,,,
2016-05-30,28590.0,28430.0,28696.0,28400.0
2016-05-31,28610.0,28596.0,28719.0,28541.0
2016-06-01,28626.0,28531.0,28800.0,28500.0
2016-06-02,28554.0,28616.0,28715.0,28530.0
2016-06-03,29216.0,28703.0,29410.0,28540.0
2016-06-04,,,,
2016-06-05,,,,
2016-06-06,29329.0,29287.0,29376.0,29220.0
2016-06-07,29239.0,29243.0,29325.0,29062.0
2016-06-08,29491.0,29275.0,29572.0,29275.0
2016-06-09,29757.0,29521.0,29777.0,29452.0
2016-06-10,29851.0,29760.0,29900.0,29624.0
2016-06-11,,,,
2016-06-12,,,,
2016-06-13,30181.0,29894.0,30220.0,29894.0
2016-06-14,30357.0,30141.0,30385.0,30042.0
2016-06-15,30262.0,30300.0,30339.0,30132.0
2016-06-16,30392.0,30302.0,30985.0,30237.0
2016-06-17,30373.0,30320.0,30415.0,30091.0
2016-06-18,,,,
2016-06-19,,,,
2016-06-20,30478.0,30262.0,30505.0,30132.0
2016-06-21,30072.0,30357.0,30402.0,30026.0
2016-06-22,29898.0,30054.0,30054.0,29835.0
2016-06-23,29686.0,29879.0,29953.0,29641.0
2016-06-24,31131.0,29835.0,32357.0,29835.0
2016-06-25,,,,
2016-06-26,,,,
2016-06-27,31218.0,31192.0,31387.0,31135.0
2016-06-28,30999.0,31016.0,31085.0,30859.0
2016-06-29,30986.0,31096.0,31146.0,30920.0
2016-06-30,30851.0,30905.0,30949.0,30812.0
2016-07-01,31077.0,31096.0,31220.0,31010.0
2016-07-02,,,,
2016-07-03,,,,
2016-07-04,31396.0,31390.0,31484.0,31267.0
2016-07-05,30841.0,31306.0,31570.0,30500.0
2016-07-06,32018.0,31948.0,32350.0,31948.0
2016-07-07,31817.0,32011.0,32090.0,31653.0
2016-07-08,31657.0,31832.0,31833.0,31284.0
2016-07-09,,,,
2016-07-10,,,,
2016-07-11,31524.0,31750.0,31888.0,31482.0
2016-07-12,31001.0,31561.0,31577.0,30951.0
2016-07-13,31225.0,31120.0,31260.0,31064.0
2016-07-14,30895.0,31199.0,31199.0,30711.0
2016-07-15,30922.0,30822.0,31038.0,30782.0
2016-07-16,,,,
2016-07-17,,,,
2016-07-18,30950.0,30850.0,31028.0,30810.0
2016-07-19,31021.0,31000.0,31041.0,30871.0
2016-07-20,30666.0,31045.0,31050.0,30631.0
2016-07-21,30940.0,30611.0,30970.0,30553.0
2016-07-22,30794.0,30939.0,30939.0,30730.0
2016-07-23,,,,
2016-07-24,,,,
2016-07-25,30814.0,30701.0,30849.0,30620.0
2016-07-26,30822.0,30796.0,30880.0,30711.0
2016-07-27,30878.0,30786.0,30930.0,30690.0
2016-07-28,30795.0,30928.0,31180.0,30740.0
2016-07-29,31099.0,30943.0,31139.0,30812.0
2016-07-30,,,,
2016-07-31,,,,
2016-08-01,31011.0,31000.0,31118.0,30950.0
2016-08-02,31282.0,31000.0,31322.0,30993.0
2016-08-03,31199.0,31302.0,31439.0,31158.0
2016-08-04,31317.0,31105.0,31360.0,31072.0
2016-08-05,30779.0,31310.0,31380.0,30738.0
2016-08-06,,,,
2016-08-07,,,,
2016-08-08,30998.0,31031.0,31031.0,30863.0
2016-08-09,31133.0,30942.0,31165.0,30891.0
2016-08-10,31219.0,31180.0,31385.0,31120.0
2016-08-11,31171.0,31160.0,31316.0,31082.0
2016-08-12,31080.0,31100.0,31400.0,30990.0
2016-08-13,,,,
2016-08-14,,,,
2016-08-15,,,,
2016-08-16,31349.0,31120.0,31440.0,31120.0
2016-08-17,31314.0,31265.0,31349.0,31185.0
2016-08-18,31411.0,31400.0,31447.0,31302.0
2016-08-19,31365.0,31341.0,31466.0,31252.0
2016-08-20,,,,
2016-08-21,,,,
2016-08-22,31395.0,31310.0,31428.0,31191.0
2016-08-23,31373.0,31372.0,31414.0,31285.0
2016-08-24,31049.0,31319.0,31364.0,31000.0
2016-08-25,30945.0,31042.0,31062.0,30884.0
2016-08-26,31023.0,30967.0,31335.0,30941.0
2016-08-27,,,,
2016-08-28,,,,
2016-08-29,31077.0,31000.0,31115.0,30876.0
2016-08-30,30840.0,31069.0,31069.0,30820.0
2016-08-31,30746.0,30891.0,30906.0,30711.0
2016-09-01,30710.0,30757.0,30822.0,30611.0
2016-09-02,30900.0,30800.0,30971.0,30610.0
2016-09-03,,,,
2016-09-04,,,,
2016-09-05,31025.0,31000.0,31060.0,30960.0
2016-09-06,31401.0,31055.0,31431.0,30968.0
2016-09-07,31336.0,31444.0,31482.0,31280.0
2016-09-08,31239.0,31313.0,31410.0,31188.0
2016-09-09,31261.0,31256.0,31335.0,31166.0
2016-09-10,,,,
2016-09-11,,,,
2016-09-12,31087.0,31332.0,31332.0,31041.0
2016-09-13,31141.0,31130.0,31218.0,31087.0
2016-09-14,31100.0,31100.0,31159.0,31066.0
2016-09-15,30950.0,31149.0,31249.0,30850.0
2016-09-16,30851.0,30930.0,30961.0,30831.0
2016-09-17,,,,
2016-09-18,,,,
2016-09-19,30936.0,30941.0,31010.0,30915.0
2016-09-20,30892.0,30989.0,31027.0,30847.0
2016-09-21,31207.0,30948.0,31235.0,30800.0
2016-09-22,31335.0,31284.0,31373.0,31181.0
2016-09-23,31288.0,31271.0,31334.0,31220.0
2016-09-24,,,,
2016-09-25,,,,
2016-09-26,31351.0,31251.0,31369.0,31224.0
2016-09-27,31003.0,31290.0,31290.0,30986.0
2016-09-28,30963.0,31002.0,31051.0,30882.0
2016-09-29,31224.0,30951.0,31243.0,30950.0
2016-09-30,30814.0,31119.0,31287.0,30767.0
2016-10-01,,,,
2016-10-02,,,,
2016-10-03,30749.0,30841.0,31000.0,30695.0
2016-10-04,30068.0,30705.0,30872.0,30030.0
2016-10-05,30004.0,30215.0,30350.0,29925.0
2016-10-06,29615.0,29861.0,29982.0,29582.0
2016-10-07,29591.0,29700.0,29898.0,29355.0
2016-10-08,,,,
2016-10-09,,,,
2016-10-10,29662.0,29700.0,29900.0,29634.0
2016-10-11,29712.0,29611.0,29776.0,29611.0
2016-10-12,29662.0,29680.0,29742.0,29579.0
2016-10-13,29697.0,29700.0,29873.0,29682.0
2016-10-14,29638.0,29748.0,29749.0,29454.0
2016-10-15,,,,
2016-10-16,,,,
2016-10-17,29675.0,29651.0,29707.0,29584.0
2016-10-18,29773.0,29700.0,29830.0,29671.0
2016-10-19,29883.0,29760.0,29969.0,29740.0
2016-10-20,29891.0,29950.0,30049.0,29857.0
2016-10-21,29936.0,29835.0,29960.0,29800.0
2016-10-22,,,,
2016-10-23,,,,
2016-10-24,29820.0,29910.0,29980.0,29766.0
2016-10-25,30034.0,29852.0,30090.0,29716.0
2016-10-26,29913.0,30053.0,30151.0,29880.0
2016-10-27,30054.0,29910.0,30080.0,29910.0
2016-10-28,30131.0,30045.0,30181.0,29710.0
2016-10-29,,,,
2016-10-30,30151.0,30120.0,30160.0,30113.0
2016-10-31,30057.0,30155.0,30155.0,30001.0
2016-11-01,30329.0,30073.0,30385.0,30062.0
2016-11-02,30759.0,30489.0,30804.0,30425.0
2016-11-03,30674.0,30663.0,30700.0,30300.0
2016-11-04,30689.0,30566.0,30770.0,30550.0
2016-11-05,,,,
2016-11-06,,,,
2016-11-07,30118.0,30515.0,30515.0,30070.0
2016-11-08,29899.0,30149.0,30400.0,29766.0
2016-11-09,29961.0,30191.0,31407.0,29900.0
2016-11-10,29986.0,30000.0,30243.0,29868.0
2016-11-11,29461.0,29881.0,30022.0,29333.0
2016-11-12,,,,
2016-11-13,,,,
2016-11-14,29676.0,29351.0,29797.0,29331.0
2016-11-15,29391.0,29640.0,29650.0,29270.0
2016-11-16,29463.0,29519.0,29590.0,29387.0
2016-11-17,29185.0,29442.0,29462.0,29139.0
2016-11-18,29005.0,29170.0,29170.0,28838.0
2016-11-19,,,,
2016-11-20,,,,
2016-11-21,29197.0,29039.0,29295.0,29009.0
2016-11-22,29182.0,29260.0,29293.0,29101.0
2016-11-23,28885.0,29241.0,29254.0,28767.0
2016-11-24,28816.0,28806.0,28859.0,28700.0
2016-11-25,28671.0,28701.0,28750.0,28331.0
2016-11-26,,,,
2016-11-27,,,,
2016-11-28,28793.0,28980.0,29068.0,28700.0
2016-11-29,28853.0,28763.0,28896.0,28680.0
2016-11-30,28428.0,28789.0,28845.0,28267.0
2016-12-01,28062.0,28450.0,28450.0,27951.0
2016-12-02,28445.0,28310.0,28450.0,28300.0
2016-12-03,,,,
2016-12-04,,,,
2016-12-05,28236.0,28435.0,28530.0,27950.0
2016-12-06,27944.0,28151.0,28192.0,27911.0
2016-12-07,28043.0,27944.0,28134.0,27924.0
2016-12-08,27896.0,28022.0,28063.0,27875.0
2016-12-09,27701.0,27845.0,27885.0,27671.0
2016-12-10,,,,
2016-12-11,,,,
2016-12-12,27843.0,27670.0,27927.0,27551.0
2016-12-13,27710.0,27766.0,27828.0,27650.0
2016-12-14,27746.0,27750.0,27826.0,27713.0
2016-12-15,27130.0,27730.0,27730.0,27021.0
2016-12-16,27308.0,27140.0,27414.0,27101.0
2016-12-17,,,,
2016-12-18,,,,
2016-12-19,27392.0,27400.0,27420.0,27289.0
2016-12-20,27262.0,27328.0,27351.0,27153.0
2016-12-21,27103.0,27282.0,27336.0,27081.0
2016-12-22,27152.0,27077.0,27293.0,26980.0
2016-12-23,27186.0,27126.0,27220.0,27072.0
2016-12-24,,,,
2016-12-25,,,,
2016-12-26,27241.0,27170.0,27280.0,27101.0
2016-12-27,27431.0,27199.0,27720.0,27199.0
2016-12-28,27539.0,27575.0,27590.0,27441.0
2016-12-29,27810.0,27580.0,27837.0,27580.0
2016-12-30,27700.0,27840.0,27889.0,27670.0
2016-12-31,,,,
2017-01-01,,,,
2017-01-02,27828.0,27673.0,27860.0,27670.0
2017-01-03,28102.0,27860.0,28134.0,27770.0
2017-01-04,28085.0,28080.0,28158.0,27987.0
2017-01-05,28890.0,28269.0,28925.0,28183.0
2017-01-06,27960.0,28001.0,28099.0,27870.0
2017-01-07,,,,
2017-01-08,,,,
2017-01-09,28124.0,28080.0,28150.0,27903.0
2017-01-10,28210.0,28132.0,28326.0,28083.0
2017-01-11,28353.0,28234.0,28399.0,28155.0
2017-01-12,28463.0,28398.0,28565.0,28392.0
2017-01-13,28440.0,28469.0,28482.0,28301.0
2017-01-14,,,,
2017-01-15,,,,
2017-01-16,28601.0,28564.0,28691.0,28557.0
2017-01-17,28797.0,28620.0,28824.0,28620.0
2017-01-18,28852.0,28830.0,28875.0,28736.0
2017-01-19,28588.0,28738.0,28738.0,28515.0
2017-01-20,28685.0,28680.0,28790.0,28583.0
2017-01-21,,,,
2017-01-22,,,,
2017-01-23,28876.0,28798.0,28920.0,28781.0
2017-01-24,28815.0,28863.0,28875.0,28780.0
2017-01-25,28472.0,28750.0,28750.0,28322.0
2017-01-26,,,,
2017-01-27,28449.0,28387.0,28480.0,28171.0
2017-01-28,,,,
2017-01-29,,,,
2017-01-30,28642.0,28479.0,28688.0,28420.0
2017-01-31,29172.0,28700.0,29233.0,28700.0
2017-02-01,28981.0,29155.0,29463.0,28811.0
2017-02-02,29064.0,29150.0,29175.0,28950.0
2017-02-03,29166.0,29030.0,29494.0,28900.0
2017-02-04,,,,
2017-02-05,,,,
2017-02-06,29202.0,28965.0,29224.0,28965.0
2017-02-07,29348.0,29250.0,29370.0,29215.0
2017-02-08,29371.0,29325.0,29445.0,29258.0
2017-02-09,29115.0,29349.0,29419.0,29080.0
2017-02-10,29195.0,29050.0,29222.0,28875.0
2017-02-11,,,,
2017-02-12,,,,
2017-02-13,29057.0,29116.0,29199.0,28981.0
2017-02-14,29027.0,29088.0,29210.0,28977.0
2017-02-15,29138.0,29030.0,29166.0,28880.0
2017-02-16,29377.0,29186.0,29438.0,29173.0
2017-02-17,29359.0,29327.0,29412.0,29290.0
2017-02-18,,,,
2017-02-19,,,,
2017-02-20,29324.0,29330.0,29356.0,29189.0
2017-02-21,29314.0,29230.0,29334.0,29088.0
2017-02-22,29223.0,29285.0,29349.0,29190.0
2017-02-23,29440.0,29245.0,29464.0,29217.0
2017-02-24,29613.0,29481.0,29635.0,29481.0
2017-02-25,,,,
2017-02-26,,,,
2017-02-27,29732.0,29575.0,29757.0,29532.0
2017-02-28,29592.0,29705.0,29705.0,29532.0
2017-03-01,29529.0,29455.0,29595.0,29118.0
2017-03-02,29204.0,29499.0,29500.0,29161.0
2017-03-03,29442.0,29300.0,30079.0,29051.0
2017-03-04,,,,
2017-03-05,,,,
2017-03-06,28979.0,29100.0,29218.0,28960.0
2017-03-07,28791.0,28969.0,28979.0,28765.0
2017-03-08,28660.0,28799.0,28806.0,28622.0
2017-03-09,28491.0,28610.0,28639.0,28440.0
2017-03-10,28417.0,28420.0,28523.0,28305.0
2017-03-11,,,,
2017-03-12,,,,
2017-03-13,28291.0,28436.0,28436.0,28263.0
2017-03-14,28100.0,28349.0,28349.0,28080.0
2017-03-15,28019.0,28050.0,28058.0,27932.0
2017-03-16,28436.0,28090.0,28594.0,28090.0
2017-03-17,28528.0,28498.0,28550.0,28461.0
2017-03-18,,,,
2017-03-19,,,,
2017-03-20,28518.0,28580.0,28630.0,28487.0
2017-03-21,28853.0,28462.0,28893.0,28391.0
2017-03-22,28886.0,28801.0,28993.0,28801.0
2017-03-23,28816.0,28829.0,28960.0,28751.0
2017-03-24,28809.0,28750.0,28840.0,28714.0
2017-03-25,,,,
2017-03-26,,,,
2017-03-27,28839.0,28850.0,28985.0,28800.0
2017-03-28,28872.0,28839.0,28910.0,28784.0
2017-03-29,28762.0,28792.0,28792.0,28687.0
2017-03-30,28559.0,28716.0,28764.0,28525.0
2017-03-31,28612.0,28511.0,28688.0,28480.0
2017-04-01,,,,
2017-04-02,,,,
2017-04-03,28720.0,28607.0,28790.0,28580.0
2017-04-04,28960.0,28975.0,29064.0,28878.0
2017-04-05,28617.0,28803.0,29019.0,28535.0
2017-04-06,28697.0,28878.0,28991.0,28675.0
2017-04-07,28650.0,28750.0,28989.0,28607.0
2017-04-08,,,,
2017-04-09,,,,
2017-04-10,28699.0,28651.0,28765.0,28560.0
2017-04-11,29149.0,28750.0,29183.0,28725.0
2017-04-12,29189.0,29150.0,29265.0,29132.0
2017-04-13,29358.0,29270.0,29393.0,29238.0
2017-04-14,,,,
2017-04-15,,,,
2017-04-16,,,,
2017-04-17,29392.0,29389.0,29433.0,29325.0
2017-04-18,29518.0,29370.0,29540.0,29227.0
2017-04-19,29313.0,29425.0,29425.0,29200.0
2017-04-20,29308.0,29250.0,29350.0,29220.0
2017-04-21,29432.0,29282.0,29460.0,29240.0
2017-04-22,,,,
2017-04-23,,,,
2017-04-24,29128.0,29290.0,29290.0,28935.0
2017-04-25,28827.0,29090.0,29090.0,28802.0
2017-04-26,28757.0,28800.0,28837.0,28671.0
2017-04-27,28784.0,28805.0,28848.0,28720.0
2017-04-28,28872.0,28843.0,28925.0,28800.0
2017-04-29,,,,
2017-04-30,,,,
2017-05-01,28654.0,28834.0,28868.0,28600.0
2017-05-02,28571.0,28664.0,28680.0,28530.0
2017-05-03,28571.0,28630.0,28640.0,28459.0
2017-05-04,28060.0,28400.0,28482.0,28025.0
2017-05-05,28184.0,28136.0,28382.0,28135.0
2017-05-06,,,,
2017-05-07,,,,
2017-05-08,28119.0,28145.0,28255.0,28097.0
2017-05-09,27981.0,28125.0,28192.0,27947.0
2017-05-10,28007.0,28060.0,28146.0,27981.0
2017-05-11,28022.0,27995.0,28100.0,27945.0
2017-05-12,28019.0,28088.0,28195.0,27985.0
2017-05-13,,,,
2017-05-14,,,,
2017-05-15,28008.0,28049.0,28157.0,27996.0
2017-05-16,28109.0,28025.0,28159.0,28025.0
2017-05-17,28614.0,28170.0,28638.0,28170.0
2017-05-18,28710.0,28666.0,28980.0,28551.0
2017-05-19,28634.0,28660.0,28779.0,28531.0
2017-05-20,,,,
2017-05-21,,,,
2017-05-22,28783.0,28590.0,28799.0,28568.0
2017-05-23,28808.0,28804.0,28930.0,28740.0
2017-05-24,28719.0,28770.0,28770.0,28650.0
2017-05-25,28638.0,28769.0,28770.0,28600.0
2017-05-26,28847.0,28694.0,28866.0,28674.0
2017-05-27,,,,
2017-05-28,,,,
2017-05-29,28874.0,28843.0,28928.0,28807.0
2017-05-30,28704.0,28921.0,28960.0,28680.0
2017-05-31,28905.0,28683.0,28950.0,28628.0
2017-06-01,28749.0,28877.0,28877.0,28712.0
2017-06-02,28949.0,28685.0,29011.0,28680.0
2017-06-03,,,,
2017-06-04,,,,
2017-06-05,29111.0,29045.0,29180.0,29045.0
2017-06-06,29481.0,29220.0,29499.0,29216.0
2017-06-07,29376.0,29439.0,29485.0,29310.0
2017-06-08,29049.0,29319.0,29345.0,28951.0
2017-06-09,28938.0,29001.0,29009.0,28836.0
2017-06-10,,,,
2017-06-11,,,,
2017-06-12,28917.0,28905.0,28971.0,28851.0
2017-06-13,28862.0,28907.0,28916.0,28711.0
2017-06-14,28946.0,28890.0,29025.0,28802.0
2017-06-15,28686.0,28890.0,28890.0,28640.0
2017-06-16,28616.0,28697.0,28718.0,28600.0
2017-06-17,,,,
2017-06-18,,,,
2017-06-19,28473.0,28593.0,28593.0,28460.0
2017-06-20,28475.0,28470.0,28530.0,28420.0
2017-06-21,28495.0,28539.0,28575.0,28403.0
2017-06-22,28557.0,28530.0,28670.0,28519.0
2017-06-23,28648.0,28596.0,28782.0,28596.0
2017-06-24,,,,
2017-06-25,,,,
2017-06-26,28426.0,28302.0,28440.0,28264.0
2017-06-27,28483.0,28411.0,28572.0,28401.0
2017-06-28,28485.0,28569.0,28660.0,28461.0
2017-06-29,28527.0,28522.0,28550.0,28380.0
2017-06-30,28295.0,28505.0,28505.0,28168.0
2017-07-01,,,,
2017-07-02,,,,
2017-07-03,27952.0,28300.0,28300.0,27925.0
2017-07-04,28043.0,27956.0,28169.0,27956.0
2017-07-05,28051.0,28120.0,28155.0,27845.0
2017-07-06,28143.0,28200.0,28237.0,28111.0
2017-07-07,27812.0,28101.0,28140.0,27754.0
2017-07-08,,,,
2017-07-09,,,,
2017-07-10,27840.0,27835.0,27887.0,27620.0
2017-07-11,27871.0,27805.0,27929.0,27702.0
2017-07-12,27889.0,27919.0,28033.0,27840.0
2017-07-13,27868.0,27945.0,27968.0,27851.0
2017-07-14,28022.0,27850.0,28150.0,27753.0
2017-07-15,,,,
2017-07-16,,,,
2017-07-17,28147.0,28050.0,28173.0,28050.0
2017-07-18,28280.0,28160.0,28299.0,28160.0
2017-07-19,28270.0,28270.0,28285.0,28150.0
2017-07-20,28345.0,28220.0,28380.0,28155.0
2017-07-21,28541.0,28333.0,28559.0,28300.0
2017-07-22,,,,
2017-07-23,,,,
2017-07-24,28530.0,28531.0,28612.0,28480.0
2017-07-25,28490.0,28535.0,28584.0,28410.0
2017-07-26,28396.0,28462.0,28462.0,28320.0
2017-07-27,28477.0,28455.0,28613.0,28376.0
2017-07-28,28596.0,28533.0,28620.0,28405.0
2017-07-29,,,,
2017-07-30,,,,
2017-07-31,28588.0,28572.0,28628.0,28510.0
2017-08-01,28514.0,28623.0,28623.0,28447.0
2017-08-02,28486.0,28451.0,28586.0,28373.0
2017-08-03,28447.0,28400.0,28500.0,28299.0
2017-08-04,28373.0,28525.0,28585.0,28355.0
2017-08-05,,,,
2017-08-06,,,,
2017-08-07,28419.0,28332.0,28437.0,28320.0
2017-08-08,28357.0,28416.0,28497.0,28283.0
2017-08-09,28800.0,28415.0,28821.0,28415.0
2017-08-10,29130.0,28845.0,29173.0,28845.0
2017-08-11,29158.0,29147.0,29300.0,29032.0
2017-08-12,,,,
2017-08-13,,,,
2017-08-14,29042.0,29100.0,29116.0,28982.0
2017-08-15,,,,
2017-08-16,28878.0,28978.0,28978.0,28727.0
2017-08-17,29093.0,28900.0,29174.0,28800.0
2017-08-18,29109.0,29070.0,29380.0,29013.0
2017-08-19,,,,
2017-08-20,,,,
2017-08-21,29224.0,29050.0,29248.0,29030.0
2017-08-22,29061.0,29200.0,29200.0,28980.0
2017-08-23,29090.0,29063.0,29148.0,29023.0
2017-08-24,29021.0,29051.0,29107.0,28980.0
2017-08-25,29086.0,29001.0,29134.0,28716.0
2017-08-26,,,,
2017-08-27,,,,
2017-08-28,29425.0,29101.0,29440.0,29095.0
2017-08-29,29588.0,29469.0,29810.0,29425.0
2017-08-30,29540.0,29640.0,29640.0,29405.0
2017-08-31,29756.0,29430.0,29832.0,29421.0
2017-09-01,29788.0,29687.0,29941.0,29671.0
2017-09-02,,,,
2017-09-03,,,,
2017-09-04,30174.0,30187.0,30250.0,29800.0
2017-09-05,30226.0,30389.0,30421.0,30010.0
2017-09-06,30088.0,30200.0,30298.0,30055.0
2017-09-07,30287.0,30050.0,30348.0,30010.0
2017-09-08,30271.0,30350.0,30470.0,30221.0
2017-09-09,,,,
2017-09-10,,,,
2017-09-11,29942.0,30187.0,30187.0,29888.0
2017-09-12,29953.0,29910.0,29977.0,29830.0
2017-09-13,29896.0,30011.0,30077.0,29841.0
2017-09-14,30020.0,29831.0,30059.0,29775.0
2017-09-15,29869.0,30063.0,30096.0,29840.0
2017-09-16,,,,
2017-09-17,,,,
2017-09-18,29561.0,29845.0,29845.0,29550.0
2017-09-19,29628.0,29521.0,29690.0,29521.0
2017-09-20,29780.0,29660.0,29817.0,29660.0
2017-09-21,29584.0,29620.0,29680.0,29450.0
2017-09-22,29608.0,29660.0,29767.0,29586.0
2017-09-23,,,,
2017-09-24,,,,
2017-09-25,30065.0,29580.0,30150.0,29525.0
2017-09-26,29885.0,30129.0,30195.0,29802.0
2017-09-27,29673.0,29861.0,29944.0,29644.0
2017-09-28,29624.0,29650.0,29706.0,29530.0
2017-09-29,29549.0,29615.0,29740.0,29430.0
2017-09-30,,,,
2017-10-01,,,,
2017-10-02,,,,
2017-10-03,29400.0,29420.0,29456.0,29352.0
2017-10-04,29331.0,29479.0,29513.0,29258.0
2017-10-05,29412.0,29469.0,29469.0,29361.0
2017-10-06,29510.0,29325.0,29540.0,29274.0
2017-10-07,,,,
2017-10-08,,,,
2017-10-09,29670.0,29540.0,29718.0,29540.0
2017-10-10,29768.0,29700.0,29798.0,29700.0
2017-10-11,29659.0,29717.0,29770.0,29638.0
2017-10-12,29756.0,29725.0,29840.0,29692.0
2017-10-13,29800.0,29750.0,29817.0,29660.0
2017-10-14,,,,
2017-10-15,,,,
2017-10-16,29808.0,29809.0,29896.0,29790.0
2017-10-17,29565.0,29751.0,29751.0,29550.0
2017-10-18,29536.0,29640.0,29643.0,29504.0
2017-10-19,29654.0,29600.0,29669.0,29593.0
2017-10-20,29541.0,29600.0,29622.0,29524.0
2017-10-21,,,,
2017-10-22,,,,
2017-10-23,29499.0,29502.0,29550.0,29364.0
2017-10-24,29498.0,29515.0,29537.0,29444.0
2017-10-25,29362.0,29475.0,29475.0,29275.0
2017-10-26,29236.0,29375.0,29443.0,29211.0
2017-10-27,29272.0,29223.0,29299.0,29169.0
2017-10-28,,,,
2017-10-29,,,,
2017-10-30,29349.0,29263.0,29369.0,29204.0
2017-10-31,29040.0,29300.0,29337.0,28958.0
2017-11-01,29120.0,29048.0,29260.0,28991.0
2017-11-02,29242.0,29301.0,29318.0,29168.0
2017-11-03,29191.0,29230.0,29456.0,29002.0
2017-11-04,,,,
2017-11-05,,,,
2017-11-06,29363.0,29130.0,29388.0,29130.0
2017-11-07,29457.0,29349.0,29490.0,29333.0
2017-11-08,29562.0,29451.0,29600.0,29438.0
2017-11-09,29670.0,29530.0,29689.0,29466.0
2017-11-10,29508.0,29640.0,29700.0,29468.0
2017-11-11,,,,
2017-11-12,,,,
2017-11-13,29619.0,29504.0,29636.0,29473.0
2017-11-14,29620.0,29550.0,29660.0,29411.0
2017-11-15,29528.0,29600.0,29740.0,29512.0
2017-11-16,29491.0,29544.0,29555.0,29452.0
2017-11-17,29658.0,29462.0,29689.0,29361.0
2017-11-18,,,,
2017-11-19,,,,
2017-11-20,29339.0,29700.0,29729.0,29268.0
2017-11-21,29334.0,29410.0,29425.0,29277.0
2017-11-22,29504.0,29341.0,29525.0,29280.0
2017-11-23,29420.0,29475.0,29510.0,29393.0
2017-11-24,29375.0,29475.0,29500.0,29357.0
2017-11-25,,,,
2017-11-26,,,,
2017-11-27,29460.0,29450.0,29510.0,29402.0
2017-11-28,29381.0,29450.0,29456.0,29359.0
2017-11-29,29215.0,29430.0,29441.0,29188.0
2017-11-30,28992.0,29287.0,29287.0,28927.0
2017-12-01,29217.0,29045.0,29344.0,29038.0
2017-12-02,,,,
2017-12-03,,,,
2017-12-04,29059.0,29021.0,29200.0,28970.0
2017-12-05,28893.0,29095.0,29170.0,28865.0
2017-12-06,28972.0,28950.0,29039.0,28922.0
2017-12-07,28670.0,28932.0,28932.0,28653.0
2017-12-08,28588.0,28650.0,28650.0,28500.0
2017-12-09,,,,
2017-12-10,,,,
2017-12-11,28429.0,28550.0,28573.0,28412.0
2017-12-12,28318.0,28432.0,28475.0,28271.0
2017-12-13,28377.0,28350.0,28445.0,28320.0
2017-12-14,28500.0,28434.0,28589.0,28421.0
2017-12-15,28441.0,28474.0,28559.0,28395.0
2017-12-16,,,,
2017-12-17,,,,
2017-12-18,28663.0,28492.0,28683.0,28470.0
2017-12-19,28555.0,28656.0,28680.0,28535.0
2017-12-20,28617.0,28618.0,28658.0,28557.0
2017-12-21,28596.0,28645.0,28665.0,28542.0
2017-12-22,28757.0,28560.0,28790.0,28560.0
2017-12-23,,,,
2017-12-24,,,,
2017-12-25,,,,
2017-12-26,28924.0,28796.0,28933.0,28778.0
2017-12-27,29092.0,28890.0,29110.0,28888.0
2017-12-28,29171.0,29150.0,29220.0,29099.0
2017-12-29,29372.0,29202.0,29400.0,29134.0
2017-12-30,,,,
2017-12-31,,,,
2018-01-01,29324.0,29332.0,29385.0,29275.0
2018-01-02,29392.0,29332.0,29463.0,29332.0
2018-01-03,29481.0,29385.0,29492.0,29385.0
2018-01-04,29472.0,29365.0,29475.0,29276.0
2018-01-05,29465.0,29500.0,29550.0,29440.0
2018-01-06,,,,
2018-01-07,,,,
2018-01-08,29270.0,29235.0,29290.0,29176.0
2018-01-09,29173.0,29265.0,29278.0,29153.0
2018-01-10,29343.0,29155.0,29444.0,29123.0
2018-01-11,29404.0,29338.0,29420.0,29315.0
2018-01-12,29553.0,29425.0,29590.0,29425.0
2018-01-13,,,,
2018-01-14,,,,
2018-01-15,29763.0,29590.0,29785.0,29590.0
2018-01-16,29830.0,29780.0,29860.0,29754.0
2018-01-17,29761.0,29876.0,29884.0,29705.0
2018-01-18,29644.0,29702.0,29702.0,29501.0
2018-01-19,29743.0,29615.0,29775.0,29600.0
2018-01-20,,,,
2018-01-21,,,,
2018-01-22,29806.0,29701.0,29825.0,29701.0
2018-01-23,29876.0,29836.0,29924.0,29752.0
2018-01-24,30244.0,29907.0,30290.0,29879.0
2018-01-25,30367.0,30310.0,30476.0,30185.0
2018-01-26,,,,
2018-01-27,,,,
2018-01-28,,,,
2018-01-29,30074.0,30285.0,30285.0,30004.0
2018-01-30,30052.0,30000.0,30197.0,29960.0
2018-01-31,30064.0,30085.0,30172.0,29976.0
2018-02-01,30512.0,30125.0,30550.0,30050.0
2018-02-02,30399.0,30780.0,30817.0,30200.0
2018-02-03,,,,
2018-02-04,,,,
2018-02-05,30286.0,30385.0,30498.0,30008.0
2018-02-06,30182.0,30320.0,30650.0,30160.0
2018-02-07,29976.0,30219.0,30259.0,29950.0
2018-02-08,30103.0,29905.0,30147.0,29783.0
2018-02-09,29999.0,30060.0,30110.0,29889.0
2018-02-10,,,,
2018-02-11,,,,
2018-02-12,30133.0,30102.0,30175.0,30017.0
2018-02-13,30195.0,30170.0,30221.0,30091.0
2018-02-14,30605.0,30220.0,30693.0,30066.0
2018-02-15,30549.0,30612.0,30644.0,30501.0
2018-02-16,30785.0,30600.0,30811.0,30600.0
2018-02-17,,,,
2018-02-18,,,,
2018-02-19,30715.0,30717.0,30777.0,30678.0
2018-02-20,30524.0,30668.0,30737.0,30505.0
2018-02-21,30459.0,30500.0,30516.0,30371.0
2018-02-22,30564.0,30450.0,30580.0,30380.0
2018-02-23,30492.0,30497.0,30508.0,30426.0
2018-02-24,,,,
2018-02-25,,,,
2018-02-26,30518.0,30520.0,30620.0,30492.0
2018-02-27,30306.0,30518.0,30597.0,30270.0
2018-02-28,30423.0,30319.0,30475.0,30277.0
2018-03-01,30181.0,30307.0,30372.0,30111.0
2018-03-02,30473.0,30445.0,30575.0,30400.0
2018-03-03,,,,
2018-03-04,,,,
2018-03-05,30429.0,30400.0,30535.0,30310.0
2018-03-06,30568.0,30400.0,30669.0,30365.0
2018-03-07,30461.0,30620.0,30639.0,30404.0
2018-03-08,30436.0,30491.0,30533.0,30390.0
2018-03-09,30408.0,30413.0,30474.0,30290.0
2018-03-10,,,,
2018-03-11,,,,
2018-03-12,30340.0,30380.0,30432.0,30284.0
2018-03-13,30387.0,30350.0,30409.0,30222.0
2018-03-14,30413.0,30399.0,30545.0,30364.0
2018-03-15,30314.0,30456.0,30474.0,30288.0
2018-03-16,30251.0,30275.0,30364.0,30184.0
2018-03-17,,,,
2018-03-18,,,,
2018-03-19,30432.0,30222.0,30453.0,30129.0
2018-03-20,30284.0,30393.0,30393.0,30220.0
2018-03-21,30464.0,30310.0,30539.0,30284.0
2018-03-22,30506.0,30522.0,30615.0,30472.0
2018-03-23,30901.0,30550.0,30947.0,30550.0
2018-03-24,,,,
2018-03-25,,,,
2018-03-26,30889.0,30840.0,30915.0,30771.0
2018-03-27,30717.0,30871.0,30888.0,30685.0
2018-03-28,30518.0,30732.0,30750.0,30490.0
2018-03-29,30426.0,30482.0,30578.0,30403.0
2018-03-30,,,,
2018-03-31,,,,
2018-04-01,,,,
2018-04-02,30961.0,30580.0,31080.0,30510.0
2018-04-03,30625.0,30893.0,30893.0,30552.0
2018-04-04,30886.0,30660.0,30972.0,30600.0
2018-04-05,30505.0,31500.0,31500.0,30450.0
2018-04-06,30605.0,30571.0,30650.0,30413.0
2018-04-07,,,,
2018-04-08,,,,
2018-04-09,30675.0,30600.0,30693.0,30556.0
2018-04-10,30798.0,30613.0,30819.0,30585.0
2018-04-11,31244.0,30820.0,31422.0,30820.0
2018-04-12,30897.0,31176.0,31217.0,30857.0
2018-04-13,31005.0,30922.0,31075.0,30770.0
2018-04-14,,,,
2018-04-15,,,,
2018-04-16,31167.0,31055.0,31227.0,31050.0
2018-04-17,31257.0,31139.0,31280.0,31089.0
2018-04-18,31410.0,31243.0,31483.0,31177.0
2018-04-19,31479.0,31449.0,31517.0,31305.0
2018-04-20,31314.0,31405.0,31440.0,31285.0
2018-04-21,,,,
2018-04-22,,,,
2018-04-23,31164.0,31300.0,31300.0,31110.0
2018-04-24,31262.0,31160.0,31280.0,31068.0
2018-04-25,31301.0,31298.0,31324.0,31215.0
2018-04-26,31158.0,31251.0,31276.0,31112.0
2018-04-27,31129.0,31101.0,31189.0,31047.0
2018-04-28,,,,
2018-04-29,,,,
2018-04-30,30947.0,31090.0,31090.0,30892.0
2018-05-01,30874.0,30855.0,30917.0,30735.0
2018-05-02,30926.0,31020.0,31350.0,30860.0
2018-05-03,31003.0,30925.0,31146.0,30861.0
2018-05-04,31068.0,30907.0,31154.0,30907.0
2018-05-05,,,,
2018-05-06,,,,
2018-05-07,31247.0,31125.0,31300.0,31125.0
2018-05-08,31200.0,31220.0,31238.0,31075.0
2018-05-09,31303.0,31219.0,31364.0,31156.0
2018-05-10,31352.0,31338.0,31470.0,31231.0
2018-05-11,31500.0,31340.0,31545.0,31340.0
2018-05-12,,,,
2018-05-13,,,,
2018-05-14,31496.0,31450.0,31544.0,31380.0
2018-05-15,31186.0,31425.0,31499.0,31172.0
2018-05-16,31007.0,31171.0,31171.0,30941.0
2018-05-17,30986.0,31001.0,31001.0,30852.0
2018-05-18,31093.0,30971.0,31115.0,30950.0
2018-05-19,,,,
2018-05-20,,,,
2018-05-21,31114.0,31035.0,31139.0,30925.0
2018-05-22,31111.0,31025.0,31173.0,31005.0
2018-05-23,31186.0,31121.0,31369.0,31103.0
2018-05-24,31461.0,31241.0,31486.0,31235.0
2018-05-25,31194.0,31370.0,31427.0,31172.0
2018-05-26,,,,
2018-05-27,,,,
2018-05-28,30971.0,31150.0,31150.0,30885.0
2018-05-29,31184.0,31020.0,31320.0,31020.0
2018-05-30,31030.0,31120.0,31123.0,30937.0
2018-05-31,30882.0,31050.0,31120.0,30837.0
2018-06-01,30568.0,30796.0,30839.0,30458.0
2018-06-02,,,,
2018-06-03,,,,
2018-06-04,30708.0,30650.0,30812.0,30580.0
2018-06-05,30699.0,30673.0,30935.0,30656.0
2018-06-06,30755.0,30876.0,30913.0,30720.0
2018-06-07,31055.0,30820.0,31075.0,30789.0
2018-06-08,31076.0,31011.0,31196.0,30950.0
2018-06-09,,,,
2018-06-10,,,,
2018-06-11,31035.0,31070.0,31083.0,30920.0
2018-06-12,30952.0,31001.0,31001.0,30873.0
2018-06-13,30952.0,30936.0,30994.0,30920.0
2018-06-14,31145.0,30973.0,31178.0,30973.0
2018-06-15,30804.0,31180.0,31195.0,30755.0
2018-06-16,,,,
2018-06-17,,,,
2018-06-18,30773.0,30799.0,30836.0,30721.0
2018-06-19,30702.0,30848.0,30899.0,30673.0
2018-06-20,30605.0,30680.0,30702.0,30580.0
2018-06-21,30451.0,30575.0,30575.0,30367.0
2018-06-22,30498.0,30410.0,30554.0,30387.0
2018-06-23,,,,
2018-06-24,,,,
2018-06-25,30540.0,30500.0,30648.0,30500.0
2018-06-26,30480.0,30512.0,30574.0,30335.0
2018-06-27,30606.0,30466.0,30631.0,30435.0
2018-06-28,30431.0,30588.0,30604.0,30408.0
2018-06-29,30363.0,30404.0,30449.0,30288.0
2018-06-30,,,,
2018-07-01,,,,
2018-07-02,30153.0,30380.0,30412.0,30000.0
2018-07-03,30469.0,30185.0,30600.0,30100.0
2018-07-04,30510.0,30463.0,30550.0,30463.0
2018-07-05,30541.0,30600.0,30640.0,30495.0
2018-07-06,30582.0,30650.0,30740.0,30570.0
2018-07-07,,,,
2018-07-08,,,,
2018-07-09,30638.0,30613.0,30788.0,30613.0
2018-07-10,30551.0,30663.0,30679.0,30436.0
2018-07-11,30344.0,30502.0,30545.0,30325.0
2018-07-12,30175.0,30315.0,30315.0,30161.0
2018-07-13,30131.0,30169.0,30210.0,30035.0
2018-07-14,,,,
2018-07-15,,,,
2018-07-16,30103.0,30151.0,30248.0,30074.0
2018-07-17,29757.0,30102.0,30120.0,29740.0
2018-07-18,29799.0,29999.0,29999.0,29671.0
2018-07-19,29913.0,29671.0,29968.0,29624.0
2018-07-20,29957.0,29788.0,29977.0,29767.0
2018-07-21,,,,
2018-07-22,,,,
2018-07-23,29914.0,29922.0,30043.0,29862.0
2018-07-24,29912.0,29860.0,29978.0,29780.0
2018-07-25,29959.0,29867.0,30035.0,29835.0
2018-07-26,29836.0,29912.0,29952.0,29816.0
2018-07-27,29805.0,29960.0,29960.0,29682.0
2018-07-28,,,,
2018-07-29,,,,
2018-07-30,29755.0,29726.0,29782.0,29700.0
2018-07-31,29638.0,29730.0,29740.0,29561.0
2018-08-01,29462.0,29591.0,29670.0,29441.0
2018-08-02,29520.0,29532.0,29638.0,29477.0
2018-08-03,29800.0,29520.0,29900.0,29425.0
2018-08-04,,,,
2018-08-05,,,,
2018-08-06,29563.0,29656.0,29656.0,29538.0
2018-08-07,29534.0,29604.0,29668.0,29520.0
2018-08-08,29544.0,29560.0,29630.0,29500.0
2018-08-09,29605.0,29565.0,29665.0,29529.0
2018-08-10,29706.0,29625.0,29744.0,29540.0
2018-08-11,,,,
2018-08-12,,,,
2018-08-13,29665.0,29750.0,29836.0,29644.0
2018-08-14,29664.0,29665.0,29740.0,29575.0
2018-08-15,,,,
2018-08-16,29275.0,29615.0,29615.0,29222.0
2018-08-17,29275.0,29291.0,29375.0,29184.0
2018-08-18,,,,
2018-08-19,,,,
2018-08-20,29435.0,29388.0,29459.0,29350.0
2018-08-21,29542.0,29460.0,29565.0,29436.0
2018-08-22,29627.0,29450.0,29733.0,29450.0
2018-08-23,29576.0,29666.0,29666.0,29490.0
2018-08-24,29882.0,29550.0,29900.0,29550.0
2018-08-25,,,,
2018-08-26,,,,
2018-08-27,29973.0,29930.0,30045.0,29863.0
2018-08-28,29981.0,30015.0,30170.0,29951.0
2018-08-29,30144.0,29977.0,30168.0,29977.0
2018-08-30,30131.0,30110.0,30269.0,30082.0
2018-08-31,30116.0,30224.0,30298.0,30055.0
2018-09-01,,,,
2018-09-02,,,,
2018-09-03,30327.0,30075.0,30448.0,30062.0
2018-09-04,30221.0,30238.0,30300.0,30154.0
2018-09-05,30310.0,30257.0,30494.0,30250.0
2018-09-06,30565.0,30366.0,30693.0,30366.0
2018-09-07,30509.0,30643.0,30643.0,30405.0
2018-09-08,,,,
2018-09-09,,,,
2018-09-10,30725.0,30549.0,30748.0,30526.0
2018-09-11,30732.0,30660.0,30744.0,30559.0
2018-09-12,30664.0,30682.0,30779.0,30443.0
2018-09-13,30470.0,30576.0,30690.0,30450.0
2018-09-14,30453.0,30501.0,30648.0,30401.0
2018-09-15,,,,
2018-09-16,,,,
2018-09-17,30778.0,30509.0,30800.0,30509.0
2018-09-18,30811.0,30710.0,30925.0,30652.0
2018-09-19,30649.0,30821.0,30936.0,30634.0
2018-09-20,30623.0,30700.0,30700.0,30585.0
2018-09-21,30609.0,30731.0,30910.0,30455.0
2018-09-22,,,,
2018-09-23,,,,
2018-09-24,30862.0,30620.0,30899.0,30620.0
2018-09-25,30838.0,30821.0,30864.0,30755.0
2018-09-26,30608.0,30824.0,30830.0,30587.0
2018-09-27,30356.0,30738.0,30738.0,30321.0
2018-09-28,30479.0,30398.0,30520.0,30264.0
2018-09-29,,,,
2018-09-30,,,,
2018-10-01,30614.0,30399.0,30660.0,30376.0
2018-10-02,,,,
2018-10-03,31025.0,30890.0,31168.0,30889.0
2018-10-04,31136.0,31072.0,31164.0,31015.0
2018-10-05,31233.0,31101.0,31288.0,30985.0
2018-10-06,,,,
2018-10-07,,,,
2018-10-08,31096.0,31369.0,31389.0,31083.0
2018-10-09,31161.0,31200.0,31275.0,31115.0
2018-10-10,31247.0,31235.0,31265.0,31151.0
2018-10-11,31793.0,31300.0,31815.0,31250.0
2018-10-12,31670.0,31699.0,31720.0,31574.0
2018-10-13,,,,
2018-10-14,,,,
2018-10-15,31877.0,31723.0,32075.0,31723.0
2018-10-16,31701.0,31877.0,31957.0,31680.0
2018-10-17,31702.0,31670.0,31839.0,31635.0
2018-10-18,31885.0,31670.0,31909.0,31638.0
2018-10-19,31737.0,31805.0,31867.0,31703.0
2018-10-20,,,,
2018-10-21,,,,
2018-10-22,31729.0,31738.0,31749.0,31641.0
2018-10-23,31871.0,31721.0,32053.0,31721.0
2018-10-24,31723.0,31820.0,31844.0,31585.0
2018-10-25,31683.0,31800.0,31912.0,31663.0
2018-10-26,31764.0,31779.0,31993.0,31725.0
2018-10-27,,,,
2018-10-28,,,,
2018-10-29,31730.0,31847.0,31847.0,31692.0
2018-10-30,31725.0,31755.0,31789.0,31651.0
2018-10-31,31631.0,31650.0,31780.0,31590.0
2018-11-01,31783.0,31671.0,31818.0,31619.0
2018-11-02,31737.0,31737.0,31999.0,31530.0
2018-11-03,,,,
2018-11-04,,,,
2018-11-05,31783.0,31785.0,31898.0,31630.0
2018-11-06,31657.0,31718.0,31869.0,31641.0
2018-11-07,31602.0,31660.0,31678.0,31530.0
2018-11-08,31408.0,31551.0,31551.0,31234.0
2018-11-09,31023.0,31302.0,31383.0,30965.0
2018-11-10,,,,
2018-11-11,,,,
2018-11-12,31014.0,31106.0,31178.0,30975.0
2018-11-13,30778.0,31110.0,31110.0,30756.0
2018-11-14,30838.0,30700.0,30867.0,30620.0
2018-11-15,30831.0,30830.0,30939.0,30753.0
2018-11-16,31017.0,30856.0,31158.0,30830.0
2018-11-17,,,,
2018-11-18,,,,
2018-11-19,30888.0,31068.0,31068.0,30785.0
2018-11-20,30830.0,30811.0,30994.0,30800.0
2018-11-21,30839.0,30800.0,30910.0,30750.0
2018-11-22,30613.0,30852.0,30899.0,30555.0
2018-11-23,30513.0,30551.0,30566.0,30427.0
2018-11-24,,,,
2018-11-25,,,,
2018-11-26,30574.0,30472.0,30672.0,30470.0
2018-11-27,30423.0,30585.0,30648.0,30389.0
2018-11-28,30457.0,30400.0,30593.0,30270.0
2018-11-29,30253.0,30399.0,30399.0,30210.0
2018-11-30,30186.0,30233.0,30320.0,30155.0
2018-12-01,,,,
2018-12-02,,,,
2018-12-03,30787.0,30322.0,30850.0,30257.0
2018-12-04,30964.0,30874.0,31085.0,30874.0
2018-12-05,30926.0,30830.0,30970.0,30825.0
2018-12-06,31005.0,31039.0,31196.0,30974.0
2018-12-07,31440.0,31011.0,31480.0,30941.0
2018-12-08,,,,
2018-12-09,,,,
2018-12-10,31895.0,31459.0,31966.0,31420.0
2018-12-11,31812.0,31850.0,31850.0,31618.0
2018-12-12,31626.0,31749.0,31749.0,31582.0
2018-12-13,31414.0,31550.0,31600.0,31337.0
2018-12-14,31437.0,31440.0,31514.0,31384.0
2018-12-15,,,,
2018-12-16,,,,
2018-12-17,31501.0,31369.0,31530.0,31291.0
2018-12-18,31075.0,31589.0,31650.0,31041.0
2018-12-19,31139.0,31167.0,31500.0,30967.0
2018-12-20,31219.0,31027.0,31250.0,30914.0
2018-12-21,31126.0,31115.0,31292.0,31075.0
2018-12-22,,,,
2018-12-23,,,,
2018-12-24,31375.0,31300.0,31395.0,31177.0
2018-12-25,,,,
2018-12-26,31463.0,31430.0,31643.0,31400.0
2018-12-27,31611.0,31499.0,31647.0,31426.0
2018-12-28,31506.0,31576.0,31629.0,31462.0
2018-12-29,,,,
2018-12-30,,,,
2018-12-31,31489.0,31452.0,31583.0,31284.0
2019-01-01,31560.0,31550.0,31651.0,31410.0
2019-01-02,31934.0,31530.0,32500.0,31510.0
2019-01-03,31939.0,32000.0,32045.0,31836.0
2019-01-04,31679.0,32686.0,32686.0,31460.0
2019-01-05,,,,
2019-01-06,,,,
2019-01-07,31652.0,31536.0,31748.0,31456.0
2019-01-08,31736.0,31616.0,31758.0,31572.0
2019-01-09,31993.0,31685.0,32016.0,31639.0
2019-01-10,31878.0,32090.0,32119.0,31855.0
2019-01-11,31924.0,31907.0,32065.0,31888.0
2019-01-12,,,,
2019-01-13,,,,
2019-01-14,32130.0,32050.0,32194.0,31963.0
2019-01-15,32169.0,32066.0,32273.0,32064.0
2019-01-16,32272.0,32148.0,32299.0,32103.0
2019-01-17,32253.0,32300.0,32363.0,32190.0
2019-01-18,32089.0,32295.0,32305.0,32052.0
2019-01-19,,,,
2019-01-20,,,,
2019-01-21,32039.0,32052.0,32184.0,31985.0
2019-01-22,32154.0,32030.0,32189.0,31949.0
2019-01-23,32135.0,32105.0,32199.0,32060.0
2019-01-24,32016.0,32100.0,32147.0,31986.0
2019-01-25,32339.0,32057.0,32367.0,32019.0
2019-01-26,,,,
2019-01-27,,,,
2019-01-28,32536.0,32383.0,32570.0,32383.0
2019-01-29,32891.0,32570.0,32967.0,32530.0
2019-01-30,32903.0,32900.0,32975.0,32807.0
2019-01-31,33100.0,32937.0,33245.0,32903.0
2019-02-01,33405.0,33119.0,33500.0,32997.0
2019-02-02,,,,
2019-02-03,,,,
2019-02-04,33455.0,34247.0,34400.0,33285.0
2019-02-05,33381.0,33549.0,33549.0,33250.0
2019-02-06,33222.0,33199.0,33378.0,33175.0
2019-02-07,33056.0,33169.0,33200.0,32951.0
2019-02-08,33125.0,33000.0,33142.0,32910.0
2019-02-09,,,,
2019-02-10,,,,
2019-02-11,32931.0,33060.0,33082.0,32811.0
2019-02-12,32747.0,32915.0,32945.0,32721.0
2019-02-13,32909.0,32727.0,33028.0,32680.0
2019-02-14,32970.0,32862.0,33000.0,32765.0
2019-02-15,33263.0,32992.0,33280.0,32992.0
2019-02-16,,,,
2019-02-17,,,,
2019-02-18,33463.0,33333.0,33484.0,33333.0
2019-02-19,33753.0,33499.0,33797.0,33434.0
2019-02-20,33719.0,33800.0,33877.0,33680.0
2019-02-21,33302.0,33630.0,33658.0,33265.0
2019-02-22,33369.0,33302.0,33413.0,33190.0
2019-02-23,,,,
2019-02-24,,,,
2019-02-25,33159.0,33385.0,33398.0,33130.0
2019-02-26,33228.0,33225.0,33450.0,33205.0
2019-02-27,33171.0,33300.0,33466.0,33138.0
2019-02-28,32902.0,33189.0,33260.0,32877.0
2019-03-01,32533.0,32857.0,32953.0,31915.0
2019-03-02,,,,
2019-03-03,,,,
2019-03-04,32505.0,32394.0,32601.0,32315.0
2019-03-05,32015.0,33435.0,33440.0,32000.0
2019-03-06,31954.0,32136.0,32300.0,31885.0
2019-03-07,31946.0,31959.0,31980.0,31800.0
2019-03-08,32174.0,31980.0,32235.0,31955.0
2019-03-09,,,,
2019-03-10,,,,
2019-03-11,31915.0,32214.0,32214.0,31897.0
2019-03-12,32015.0,31906.0,32056.0,31885.0
2019-03-13,32225.0,32088.0,32330.0,32088.0
2019-03-14,31832.0,32274.0,32274.0,31813.0
2019-03-15,31853.0,31895.0,31960.0,31768.0
2019-03-16,,,,
2019-03-17,,,,
2019-03-18,31685.0,31800.0,31815.0,31590.0
2019-03-19,31985.0,31750.0,32017.0,31691.0
2019-03-20,31740.0,31961.0,31961.0,31704.0
2019-03-21,31842.0,31899.0,32064.0,31806.0
2019-03-22,32155.0,31869.0,32184.0,31748.0
2019-03-23,,,,
2019-03-24,,,,
2019-03-25,32223.0,32199.0,32245.0,32083.0
2019-03-26,32113.0,32200.0,32200.0,32031.0
2019-03-27,32019.0,32101.0,32182.0,32000.0
2019-03-28,31624.0,31993.0,32030.0,31591.0
2019-03-29,31703.0,31600.0,31788.0,31510.0
2019-03-30,,,,
2019-03-31,,,,
2019-04-01,31570.0,31588.0,31730.0,31542.0
2019-04-02,31535.0,31550.0,31590.0,31359.0
2019-04-03,31450.0,31499.0,31607.0,31318.0
2019-04-04,31503.0,31499.0,31549.0,31350.0
2019-04-05,31566.0,31535.0,31620.0,31400.0
2019-04-06,,,,
2019-04-07,,,,
2019-04-08,32076.0,31795.0,32155.0,31795.0
2019-04-09,32098.0,32131.0,32171.0,32020.0
2019-04-10,32174.0,32070.0,32197.0,31968.0
2019-04-11,31663.0,32148.0,32148.0,31638.0
2019-04-12,31760.0,31721.0,31871.0,31705.0
2019-04-13,,,,
2019-04-14,,,,
2019-04-15,31760.0,31710.0,31791.0,31570.0
2019-04-16,31474.0,31700.0,31768.0,31453.0
2019-04-17,31410.0,31500.0,31525.0,31393.0
2019-04-18,31403.0,31474.0,31544.0,31355.0
2019-04-19,,,,
2019-04-20,,,,
2019-04-21,,,,
2019-04-22,31531.0,31497.0,31697.0,31497.0
2019-04-23,31525.0,31490.0,31566.0,31401.0
2019-04-24,31759.0,31480.0,31799.0,31450.0
2019-04-25,31843.0,31750.0,31926.0,31641.0
2019-04-26,31868.0,31851.0,31934.0,31705.0
2019-04-27,,,,
2019-04-28,,,,
2019-04-29,,,,
2019-04-30,31625.0,31800.0,31824.0,31597.0
2019-05-01,31563.0,31604.0,31657.0,31503.0
2019-05-02,31203.0,31420.0,31425.0,31160.0
2019-05-03,31341.0,31250.0,31500.0,31163.0
2019-05-04,,,,
2019-05-05,,,,
2019-05-06,31578.0,31495.0,31659.0,31495.0
2019-05-07,31739.0,31600.0,31758.0,31542.0
2019-05-08,31697.0,31740.0,31930.0,31676.0
2019-05-09,31926.0,31749.0,32049.0,31719.0
2019-05-10,31917.0,31895.0,32004.0,31790.0
2019-05-11,,,,
2019-05-12,,,,
2019-05-13,32499.0,31900.0,32538.0,31885.0
2019-05-14,32248.0,32451.0,32451.0,32235.0
2019-05-15,32261.0,32300.0,32410.0,32165.0
2019-05-16,31985.0,32261.0,32320.0,31931.0
2019-05-17,31809.0,31991.0,32039.0,31785.0
2019-05-18,,,,
2019-05-19,,,,
2019-05-20,31566.0,31777.0,31777.0,31101.0
2019-05-21,31442.0,31549.0,31549.0,31410.0
2019-05-22,31452.0,31460.0,31568.0,31416.0
2019-05-23,31696.0,31401.0,31757.0,31265.0
2019-05-24,31554.0,31681.0,31710.0,31518.0
2019-05-25,,,,
2019-05-26,,,,
2019-05-27,31630.0,31588.0,31716.0,31580.0
2019-05-28,31569.0,31629.0,31718.0,31510.0
2019-05-29,31760.0,31651.0,31850.0,31638.0
2019-05-30,31831.0,31721.0,31896.0,31560.0
2019-05-31,32131.0,31810.0,32165.0,31810.0
2019-06-01,,,,
2019-06-02,,,,
2019-06-03,32405.0,32147.0,32499.0,32113.0
2019-06-04,32465.0,32500.0,32800.0,32300.0
2019-06-05,32607.0,32540.0,32866.0,32540.0
2019-06-06,32734.0,32631.0,32760.0,32631.0
2019-06-07,32867.0,32641.0,32944.0,32610.0
2019-06-08,,,,
2019-06-09,,,,
2019-06-10,32611.0,32800.0,32800.0,32585.0
2019-06-11,32576.0,32640.0,32662.0,32431.0
2019-06-12,32685.0,32617.0,32776.0,32617.0
2019-06-13,32884.0,32739.0,32918.0,32662.0
2019-06-14,32984.0,32950.0,33241.0,32950.0
2019-06-15,,,,
2019-06-16,,,,
2019-06-17,32961.0,33015.0,33080.0,32826.0
2019-06-18,32939.0,32974.0,33149.0,32846.0
2019-06-19,32976.0,32907.0,32999.0,32875.0
2019-06-20,33838.0,33000.0,33876.0,33000.0
2019-06-21,33960.0,33890.0,34297.0,33709.0
2019-06-22,,,,
2019-06-23,,,,
2019-06-24,34214.0,34100.0,34259.0,34031.0
2019-06-25,34300.0,34345.0,34599.0,34160.0
2019-06-26,34135.0,34160.0,34173.0,33964.0
2019-06-27,33931.0,34270.0,34270.0,33777.0
2019-06-28,33947.0,34000.0,34200.0,33900.0
2019-06-29,,,,
2019-06-30,,,,
2019-07-01,33348.0,33777.0,33777.0,33210.0
2019-07-02,33779.0,33530.0,33804.0,33507.0
2019-07-03,34077.0,33801.0,34750.0,33801.0
2019-07-04,34023.0,34199.0,34300.0,33911.0
2019-07-05,34370.0,34395.0,35037.0,33900.0
2019-07-06,,,,
2019-07-07,,,,
2019-07-08,34535.0,34550.0,34759.0,34475.0
2019-07-09,34533.0,34499.0,34581.0,34300.0
2019-07-10,34765.0,34469.0,34806.0,34332.0
2019-07-11,34612.0,34800.0,34995.0,34591.0
2019-07-12,34812.0,34698.0,34862.0,34611.0
2019-07-13,,,,
2019-07-14,,,,
2019-07-15,34792.0,34740.0,34850.0,34687.0
2019-07-16,34738.0,34809.0,34839.0,34639.0
2019-07-17,35039.0,34700.0,35080.0,34611.0
2019-07-18,35117.0,35100.0,35150.0,34851.0
2019-07-19,35033.0,35180.0,35380.0,35003.0
2019-07-20,,,,
2019-07-21,,,,
2019-07-22,35143.0,35100.0,35189.0,35035.0
2019-07-23,35030.0,35065.0,35135.0,34907.0
2019-07-24,35036.0,35012.0,35090.0,34921.0
2019-07-25,34850.0,34981.0,35121.0,34802.0
2019-07-26,34815.0,34870.0,34905.0,34760.0
2019-07-27,,,,
2019-07-28,,,,
2019-07-29,34788.0,34839.0,34881.0,34735.0
2019-07-30,34737.0,34823.0,34898.0,34520.0
2019-07-31,34714.0,34830.0,34830.0,34625.0
2019-08-01,35134.0,34520.0,35500.0,34430.0
2019-08-02,35705.0,35200.0,35840.0,35100.0
2019-08-03,,,,
2019-08-04,,,,
2019-08-05,36711.0,36412.0,36775.0,36240.0
2019-08-06,37182.0,37003.0,37207.0,36621.0
2019-08-07,37899.0,37250.0,38125.0,37250.0
2019-08-08,37311.0,37899.0,37899.0,37175.0
2019-08-09,37558.0,37419.0,37684.0,37355.0
2019-08-10,,,,
2019-08-11,,,,
2019-08-12,37812.0,37620.0,37909.0,37620.0
2019-08-13,37268.0,37860.0,38147.0,36860.0
2019-08-14,37688.0,37274.0,37844.0,37188.0
2019-08-15,,,,
2019-08-16,37487.0,37880.0,37941.0,37281.0
2019-08-17,,,,
2019-08-18,,,,
2019-08-19,37484.0,37340.0,37525.0,37270.0
2019-08-20,37640.0,37400.0,37680.0,37350.0
2019-08-21,37598.0,37555.0,37636.0,37441.0
2019-08-22,37779.0,37560.0,37800.0,37501.0
2019-08-23,38357.0,37700.0,38426.0,37595.0
2019-08-24,,,,
2019-08-25,,,,
2019-08-26,38415.0,38550.0,38869.0,38360.0
2019-08-27,38644.0,38367.0,38679.0,38331.0
2019-08-28,38772.0,38547.0,38879.0,38465.0
2019-08-29,38426.0,38740.0,38998.0,38289.0
2019-08-30,38300.0,38424.0,38588.0,38224.0
2019-08-31,,,,
2019-09-01,,,,
2019-09-02,38708.0,38520.0,38800.0,38400.0
2019-09-03,39314.0,38852.0,39431.0,38634.0
2019-09-04,39337.0,39337.0,39490.0,38981.0
2019-09-05,38504.0,39198.0,39370.0,38353.0
2019-09-06,38551.0,38821.0,38962.0,38385.0
2019-09-07,,,,
2019-09-08,,,,
2019-09-09,38459.0,38578.0,39699.0,38265.0
2019-09-10,38248.0,38382.0,38487.0,38200.0
2019-09-11,37965.0,38200.0,38260.0,37931.0
2019-09-12,37747.0,37900.0,38215.0,37662.0
2019-09-13,37517.0,37700.0,37891.0,37451.0
2019-09-14,,,,
2019-09-15,,,,
2019-09-16,38161.0,37749.0,38188.0,37749.0
2019-09-17,37995.0,38068.0,38165.0,37853.0
2019-09-18,37837.0,38067.0,38067.0,37728.0
2019-09-19,37672.0,37700.0,37767.0,37525.0
2019-09-20,37669.0,37700.0,37749.0,37437.0
2019-09-21,,,,
2019-09-22,,,,
2019-09-23,37905.0,37750.0,37960.0,37725.0
2019-09-24,38091.0,37899.0,38140.0,37758.0
2019-09-25,37571.0,38010.0,38170.0,37455.0
2019-09-26,37773.0,37572.0,37825.0,37427.0
2019-09-27,37706.0,37824.0,37824.0,37301.0
2019-09-28,,,,
2019-09-29,,,,
2019-09-30,36873.0,37600.0,37620.0,36811.0
2019-10-01,37377.0,36979.0,37507.0,36750.0
2019-10-02,,,,
2019-10-03,38012.0,37583.0,38215.0,37583.0
2019-10-04,38002.0,37948.0,38215.0,37879.0
2019-10-05,,,,
2019-10-06,,,,
2019-10-07,37978.0,38225.0,38302.0,37765.0
2019-10-08,38242.0,38179.0,38400.0,38179.0
2019-10-09,38384.0,38279.0,38418.0,38154.0
2019-10-10,38120.0,38400.0,38434.0,38030.0
2019-10-11,37839.0,38050.0,38263.0,37736.0
2019-10-12,,,,
2019-10-13,,,,
2019-10-14,38250.0,37795.0,38286.0,37757.0
2019-10-15,38067.0,38259.0,38406.0,38021.0
2019-10-16,38248.0,38175.0,38271.0,37980.0
2019-10-17,38216.0,38190.0,38250.0,38001.0
2019-10-18,38121.0,38179.0,38212.0,38025.0
2019-10-19,,,,
2019-10-20,,,,
2019-10-21,37969.0,38098.0,38144.0,37940.0
2019-10-22,38025.0,37901.0,38060.0,37900.0
2019-10-23,38124.0,38090.0,38249.0,38090.0
2019-10-24,38452.0,38175.0,38475.0,38109.0
2019-10-25,38362.0,38450.0,38690.0,38325.0
2019-10-26,,,,
2019-10-27,38280.0,38277.0,38345.0,38250.0
2019-10-28,38103.0,38388.0,38388.0,38070.0
2019-10-29,38110.0,38063.0,38194.0,37988.0
2019-10-30,38369.0,38194.0,38384.0,38078.0
2019-10-31,38842.0,38300.0,38898.0,38300.0
2019-11-01,38652.0,38759.0,38800.0,38518.0
2019-11-02,,,,
2019-11-03,,,,
2019-11-04,38734.0,39500.0,39500.0,38645.0
2019-11-05,38458.0,38839.0,39049.0,38300.0
2019-11-06,38239.0,37980.0,38273.0,37957.0
2019-11-07,37595.0,38188.0,38245.0,37536.0
2019-11-08,37705.0,37655.0,37880.0,37488.0
2019-11-09,,,,
2019-11-10,,,,
2019-11-11,37688.0,37710.0,37850.0,37532.0
2019-11-12,37740.0,37650.0,37800.0,37542.0
2019-11-13,38107.0,37820.0,38150.0,37800.0
2019-11-14,38269.0,38106.0,38295.0,38060.0
2019-11-15,38002.0,38236.0,38236.0,37922.0
2019-11-16,,,,
2019-11-17,,,,
2019-11-18,38228.0,37943.0,38249.0,37810.0
2019-11-19,38206.0,38223.0,38230.0,37920.0
2019-11-20,38155.0,38218.0,38325.0,38020.0
2019-11-21,37971.0,38156.0,38200.0,37945.0
2019-11-22,37927.0,37975.0,38150.0,37905.0
2019-11-23,,,,
2019-11-24,,,,
2019-11-25,37782.0,37891.0,37905.0,37736.0
2019-11-26,37775.0,37747.0,37830.0,37615.0
2019-11-27,37578.0,37753.0,37753.0,37530.0
2019-11-28,37780.0,37511.0,37837.0,37511.0
2019-11-29,37961.0,37770.0,38070.0,37711.0
2019-11-30,,,,
2019-12-01,,,,
2019-12-02,37915.0,38240.0,38240.0,37715.0
2019-12-03,38267.0,37874.0,38400.0,37840.0
2019-12-04,38188.0,38563.0,38563.0,38081.0
2019-12-05,38095.0,38245.0,38245.0,37800.0
2019-12-06,37748.0,38087.0,38170.0,37711.0
2019-12-07,,,,
2019-12-08,,,,
2019-12-09,37638.0,37774.0,37774.0,37610.0
2019-12-10,37604.0,37604.0,37728.0,37550.0
2019-12-11,37693.0,37602.0,37741.0,37554.0
2019-12-12,37559.0,37749.0,38044.0,37500.0
2019-12-13,37776.0,37512.0,37810.0,37400.0
2019-12-14,,,,
2019-12-15,,,,
2019-12-16,37873.0,37740.0,37948.0,37735.0
2019-12-17,37961.0,37863.0,37987.0,37850.0
2019-12-18,37932.0,37937.0,37994.0,37817.0
2019-12-19,38110.0,37998.0,38140.0,37880.0
2019-12-20,38002.0,38076.0,38120.0,37965.0
2019-12-21,,,,
2019-12-22,,,,
2019-12-23,38231.0,37999.0,38270.0,37999.0
2019-12-24,38624.0,38240.0,38644.0,38240.0
2019-12-25,,,,
2019-12-26,38767.0,38650.0,38816.0,38619.0
2019-12-27,38978.0,38805.0,38995.0,38685.0
2019-12-28,,,,
2019-12-29,,,,
2019-12-30,38823.0,38993.0,38994.0,38701.0
2019-12-31,38999.0,39019.0,39099.0,38869.0
2020-01-01,38938.0,38980.0,39067.0,38900.0
2020-01-02,39220.0,38953.0,39685.0,38905.0
2020-01-03,39925.0,39520.0,40002.0,39486.0
2020-01-04,,,,
2020-01-05,,,,
2020-01-06,40448.0,40250.0,41049.0,40250.0
2020-01-07,40635.0,40280.0,40666.0,40181.0
2020-01-08,40078.0,40792.0,41270.0,39893.0
2020-01-09,39806.0,40165.0,40165.0,39594.0
2020-01-10,39849.0,39721.0,39888.0,39550.0
2020-01-11,,,,
2020-01-12,,,,
2020-01-13,39541.0,39801.0,39801.0,39510.0
2020-01-14,39443.0,39500.0,39525.0,39280.0
2020-01-15,39598.0,39600.0,39699.0,39464.0
2020-01-16,39676.0,39562.0,39762.0,39562.0
2020-01-17,39920.0,39749.0,39959.0,39684.0
2020-01-18,,,,
2020-01-19,,,,
2020-01-20,39927.0,39990.0,39990.0,39870.0
2020-01-21,39892.0,40000.0,40150.0,39660.0
2020-01-22,39893.0,39813.0,39939.0,39736.0
2020-01-23,40255.0,39917.0,40274.0,39806.0
2020-01-24,40322.0,40139.0,40399.0,39929.0
2020-01-25,,,,
2020-01-26,,,,
2020-01-27,40557.0,40400.0,40721.0,40400.0
2020-01-28,40200.0,40523.0,40561.0,40130.0
2020-01-29,40321.0,40100.0,40380.0,40023.0
2020-01-30,40897.0,40400.0,40990.0,40400.0
2020-01-31,41012.0,40490.0,41161.0,40490.0
2020-02-01,41099.0,41249.0,41315.0,40901.0
2020-02-02,,,,
2020-02-03,40633.0,41178.0,41178.0,40590.0
2020-02-04,40056.0,40618.0,40839.0,39750.0
2020-02-05,40213.0,40690.0,40700.0,40100.0
2020-02-06,40287.0,40043.0,40345.0,39972.0
2020-02-07,40563.0,40345.0,40633.0,40232.0
2020-02-08,,,,
2020-02-09,,,,
2020-02-10,40607.0,40533.0,40635.0,40451.0
2020-02-11,40353.0,40510.0,40510.0,40243.0
2020-02-12,40427.0,40352.0,40464.0,40251.0
2020-02-13,40580.0,40474.0,40625.0,40460.0
2020-02-14,40879.0,40489.0,40912.0,40489.0
2020-02-15,,,,
2020-02-16,,,,
2020-02-17,40686.0,40826.0,40843.0,40660.0
2020-02-18,41311.0,40820.0,41343.0,40800.0
2020-02-19,41463.0,41400.0,41486.0,41230.0
2020-02-20,41886.0,41488.0,41987.0,41390.0
2020-02-21,42511.0,42000.0,42571.0,42000.0
2020-02-22,,,,
2020-02-23,,,,
2020-02-24,43456.0,42750.0,43585.0,42750.0
2020-02-25,42675.0,43160.0,43200.0,42257.0
2020-02-26,42349.0,42470.0,42735.0,42006.0
2020-02-27,42193.0,42460.0,42735.0,42154.0
2020-02-28,41763.0,42350.0,43000.0,41248.0
2020-02-29,,,,
2020-03-01,,,,
2020-03-02,42017.0,43014.0,43014.0,41689.0
2020-03-03,43100.0,42050.0,43277.0,41960.0
2020-03-04,43235.0,43100.0,43649.0,43006.0
2020-03-05,43874.0,43050.0,44255.0,43050.0
2020-03-06,44098.0,44200.0,44881.0,43407.0
2020-03-07,,,,
2020-03-08,,,,
2020-03-09,44308.0,44200.0,44740.0,43829.0
2020-03-10,43694.0,44280.0,44280.0,43511.0
2020-03-11,43334.0,43690.0,43838.0,43270.0
2020-03-12,42217.0,43311.0,43615.0,41601.0
2020-03-13,40382.0,42000.0,42085.0,40155.0
2020-03-14,,,,
2020-03-15,,,,
2020-03-16,39548.0,40802.0,41291.0,38419.0
2020-03-17,40279.0,39750.0,40950.0,38700.0
2020-03-18,39764.0,40239.0,40480.0,39368.0
2020-03-19,39889.0,39700.0,40170.0,39121.0
2020-03-20,40419.0,40049.0,40987.0,39885.0
2020-03-21,,,,
2020-03-22,,,,
2020-03-23,41317.0,40668.0,41500.0,39820.0
2020-03-24,41873.0,41451.0,42176.0,40115.0
2020-03-25,42713.0,42100.0,42889.0,41400.0
2020-03-26,43631.0,42400.0,43900.0,42000.0
2020-03-27,43590.0,43520.0,43759.0,43035.0
2020-03-28,,,,
2020-03-29,,,,
2020-03-30,43883.0,43200.0,44180.0,43200.0
2020-03-31,43225.0,44373.0,44399.0,43060.0
2020-04-01,43578.0,42854.0,43645.0,42800.0
2020-04-02,,,,
2020-04-03,44298.0,44190.0,44400.0,43860.0
2020-04-04,,,,
2020-04-05,,,,
2020-04-06,,,,
2020-04-07,45043.0,44000.0,46299.0,44000.0
2020-04-08,44944.0,44762.0,45000.0,44650.0
2020-04-09,45279.0,44970.0,45330.0,44802.0
2020-04-10,,,,
2020-04-11,,,,
2020-04-12,,,,
2020-04-13,46270.0,45499.0,46360.0,45499.0
2020-04-14,,,,
2020-04-15,46696.0,46499.0,46782.0,46030.0
2020-04-16,47203.0,46783.0,47290.0,46478.0
2020-04-17,45855.0,47005.0,47005.0,45400.0
2020-04-18,,,,
2020-04-19,,,,
2020-04-20,45724.0,45400.0,45949.0,45265.0
2020-04-21,45383.0,45735.0,46275.0,45100.0
2020-04-22,46189.0,45656.0,46290.0,45475.0
2020-04-23,46475.0,46499.0,46680.0,46171.0
2020-04-24,46550.0,46491.0,46850.0,46160.0
2020-04-25,,,,
2020-04-26,,,,
2020-04-27,46353.0,46352.0,46673.0,46250.0
2020-04-28,46188.0,46290.0,46333.0,45750.0
2020-04-29,45439.0,46290.0,46308.0,45401.0
2020-04-30,44647.0,45642.0,45761.0,44200.0
2020-05-01,45251.0,44703.0,45380.0,44441.0
2020-05-02,,,,
2020-05-03,,,,
2020-05-04,45762.0,45403.0,46090.0,45349.0
2020-05-05,45539.0,45400.0,45590.0,44768.0
2020-05-06,45387.0,45700.0,45850.0,45330.0
2020-05-07,46147.0,45450.0,46222.0,45355.0
2020-05-08,45820.0,46050.0,46343.0,45751.0
2020-05-09,,,,
2020-05-10,,,,
2020-05-11,45785.0,45842.0,45980.0,45609.0
2020-05-12,45635.0,45821.0,45970.0,45551.0
2020-05-13,45983.0,45634.0,46087.0,45527.0
2020-05-14,46631.0,46020.0,46735.0,46020.0
2020-05-15,47352.0,46490.0,47420.0,46480.0
2020-05-16,,,,
2020-05-17,,,,
2020-05-18,46652.0,47500.0,47965.0,46550.0
2020-05-19,47036.0,46656.0,47180.0,46463.0
2020-05-20,47129.0,47165.0,47380.0,46850.0
2020-05-21,46417.0,46944.0,46980.0,46265.0
2020-05-22,47057.0,46420.0,47118.0,46420.0
2020-05-23,,,,
2020-05-24,,,,
2020-05-25,46953.0,46800.0,47029.0,46666.0
2020-05-26,46393.0,47047.0,47150.0,46302.0
2020-05-27,46647.0,46390.0,46698.0,45855.0
2020-05-28,46474.0,46740.0,46930.0,46400.0
2020-05-29,46858.0,46579.0,46924.0,46468.0
2020-05-30,,,,
2020-05-31,,,,
2020-06-01,47018.0,46900.0,47299.0,46702.0
2020-06-02,46796.0,47090.0,47375.0,46753.0
2020-06-03,46203.0,46750.0,46851.0,46150.0
2020-06-04,46781.0,46399.0,47125.0,46235.0
2020-06-05,46346.0,46750.0,46805.0,46100.0
2020-06-06,,,,
2020-06-07,,,,
2020-06-08,46110.0,45800.0,46175.0,45772.0
2020-06-09,46595.0,46070.0,46666.0,45962.0
2020-06-10,46629.0,46614.0,46923.0,46502.0
2020-06-11,47405.0,46767.0,47630.0,46767.0
2020-06-12,47325.0,47400.0,47493.0,47073.0
2020-06-13,,,,
2020-06-14,,,,
2020-06-15,46999.0,47200.0,47242.0,46569.0
2020-06-16,47534.0,47200.0,47610.0,46974.0
2020-06-17,47320.0,47363.0,47453.0,47020.0
2020-06-18,47328.0,47290.0,47550.0,47130.0
2020-06-19,47907.0,47300.0,47938.0,47300.0
2020-06-20,,,,
2020-06-21,,,,
2020-06-22,47912.0,47999.0,48259.0,47792.0
2020-06-23,48186.0,47899.0,48227.0,47726.0
2020-06-24,48105.0,48019.0,48421.0,47969.0
2020-06-25,47952.0,48048.0,48147.0,47830.0
2020-06-26,48363.0,48030.0,48431.0,47825.0
2020-06-27,,,,
2020-06-28,,,,
2020-06-29,48194.0,48420.0,48513.0,48080.0
2020-06-30,48861.0,48237.0,48999.0,48237.0
2020-07-01,48400.0,48986.0,49020.0,48251.0
2020-07-02,48437.0,48340.0,48529.0,47970.0
2020-07-03,48336.0,49304.0,49304.0,48100.0
2020-07-04,,,,
2020-07-05,,,,
2020-07-06,48247.0,47976.0,48300.0,47830.0
2020-07-07,48796.0,48200.0,48829.0,48110.0
2020-07-08,49160.0,48701.0,49317.0,48635.0
2020-07-09,48896.0,49095.0,49298.0,48780.0
2020-07-10,48883.0,48900.0,49217.0,48731.0
2020-07-11,,,,
2020-07-12,,,,
2020-07-13,49180.0,48920.0,49258.0,48920.0
2020-07-14,49277.0,49150.0,49299.0,48811.0
2020-07-15,49182.0,49240.0,49273.0,48951.0
2020-07-16,48811.0,49121.0,49246.0,48755.0
2020-07-17,49001.0,48812.0,49086.0,48760.0
2020-07-18,,,,
2020-07-19,,,,
2020-07-20,49067.0,49000.0,49190.0,48891.0
2020-07-21,49559.0,49128.0,49599.0,49066.0
2020-07-22,50115.0,49734.0,50238.0,49640.0
2020-07-23,50762.0,50000.0,50970.0,50000.0
2020-07-24,51120.0,50800.0,51230.0,50669.0
2020-07-25,,,,
2020-07-26,,,,
2020-07-27,52227.0,51700.0,52375.0,51700.0
2020-07-28,52731.0,52390.0,52844.0,51351.0
2020-07-29,53207.0,52878.0,53323.0,52475.0
2020-07-30,52986.0,53301.0,53388.0,52715.0
2020-07-31,53582.0,53999.0,54000.0,53210.0
2020-08-01,,,,
2020-08-02,,,,
2020-08-03,53927.0,53988.0,53988.0,53600.0
2020-08-04,54784.0,54094.0,54950.0,53641.0
2020-08-05,55597.0,54900.0,55949.0,54701.0
2020-08-06,56117.0,55405.0,56199.0,55400.0
2020-08-07,55018.0,56351.0,56499.0,54925.0
2020-08-08,,,,
2020-08-09,,,,
2020-08-10,55243.0,54900.0,55660.0,54900.0
2020-08-11,52144.0,55150.0,55150.0,51929.0
2020-08-12,52505.0,50680.0,52840.0,50026.0
2020-08-13,53148.0,52353.0,53250.0,52020.0
2020-08-14,52451.0,52801.0,53000.0,52000.0
2020-08-15,,,,
2020-08-16,,,,
2020-08-17,53435.0,52468.0,53640.0,52270.0
2020-08-18,53738.0,53387.0,54180.0,51888.0
2020-08-19,52824.0,53576.0,53786.0,52505.0
2020-08-20,52302.0,52500.0,52659.0,51860.0
2020-08-21,52045.0,52400.0,52598.0,51355.0
2020-08-22,,,,
2020-08-23,,,,
2020-08-24,51385.0,51959.0,52250.0,51266.0
2020-08-25,50936.0,51508.0,51563.0,50860.0
2020-08-26,51619.0,51070.0,51749.0,50513.0
2020-08-27,50507.0,51700.0,51721.0,50213.0
2020-08-28,51050.0,51000.0,51395.0,50551.0
2020-08-29,,,,
2020-08-30,,,,
2020-08-31,51099.0,51267.0,51295.0,50901.0
2020-09-01,51017.0,51533.0,51708.0,50966.0
2020-09-02,50577.0,51035.0,51160.0,50500.0
2020-09-03,50768.0,50755.0,51022.0,50502.0
2020-09-04,50728.0,50980.0,50980.0,50501.0
2020-09-05,,,,
2020-09-06,,,,
2020-09-07,51149.0,50855.0,51284.0,50789.0
2020-09-08,51433.0,51000.0,51498.0,50714.0
2020-09-09,51486.0,51250.0,51536.0,50968.0
2020-09-10,51832.0,51426.0,51889.0,51315.0
2020-09-11,51393.0,51557.0,51739.0,51305.0
2020-09-12,,,,
2020-09-13,,,,
2020-09-14,51759.0,51540.0,51885.0,51403.0
2020-09-15,51818.0,51880.0,52199.0,51620.0
2020-09-16,51876.0,51849.0,52135.0,51812.0
2020-09-17,51498.0,51750.0,51750.0,51257.0
2020-09-18,51764.0,51598.0,51889.0,51515.0
2020-09-19,,,,
2020-09-20,,,,
2020-09-21,50512.0,51734.0,51734.0,49872.0
2020-09-22,50454.0,50637.0,50750.0,50190.0
2020-09-23,49576.0,50350.0,50470.0,49510.0
2020-09-24,49959.0,49500.0,50038.0,49292.0
2020-09-25,49539.0,49890.0,49922.0,49330.0
2020-09-26,,,,
2020-09-27,,,,
2020-09-28,49928.0,49499.0,50005.0,49212.0
2020-09-29,50607.0,50096.0,50650.0,49925.0
2020-09-30,50232.0,50455.0,50500.0,50070.0
2020-10-01,50345.0,50299.0,50465.0,50169.0
2020-10-02,,,,
2020-10-03,,,,
2020-10-04,,,,
2020-10-05,50809.0,50001.0,50871.0,50001.0
2020-10-06,50617.0,50637.0,51058.0,50527.0
2020-10-07,50133.0,50346.0,50437.0,49910.0
2020-10-08,50239.0,50115.0,50470.0,50000.0
2020-10-09,50872.0,50400.0,50988.0,50400.0
2020-10-10,,,,
2020-10-11,,,,
2020-10-12,51166.0,51000.0,51238.0,50984.0
2020-10-13,50306.0,50980.0,51131.0,50231.0
2020-10-14,50614.0,50333.0,50771.0,50326.0
2020-10-15,50775.0,50480.0,50849.0,50356.0
2020-10-16,50605.0,50666.0,50860.0,50521.0
2020-10-17,,,,
2020-10-18,,,,
2020-10-19,50751.0,50609.0,50970.0,50271.0
2020-10-20,50937.0,50688.0,50980.0,50551.0
2020-10-21,51313.0,51000.0,51398.0,50967.0
2020-10-22,50741.0,51170.0,51186.0,50563.0
2020-10-23,50820.0,50801.0,51040.0,50659.0
2020-10-24,,,,
2020-10-25,,,,
2020-10-26,50953.0,50686.0,51100.0,50531.0
2020-10-27,50984.0,50999.0,51111.0,50766.0
2020-10-28,50483.0,50915.0,51049.0,50306.0
2020-10-29,50276.0,50444.0,50610.0,50122.0
2020-10-30,50641.0,50370.0,50790.0,50197.0
2020-10-31,,,,
2020-11-01,,,,
2020-11-02,51032.0,50715.0,51068.0,50582.0
2020-11-03,51509.0,51029.0,51572.0,50737.0
2020-11-04,50829.0,51375.0,51455.0,50790.0
2020-11-05,51901.0,51115.0,52079.0,51035.0
2020-11-06,52190.0,51900.0,52490.0,51762.0
2020-11-07,,,,
2020-11-08,,,,
2020-11-09,49795.0,52300.0,52530.0,49526.0
2020-11-10,50561.0,50150.0,50665.0,50150.0
2020-11-11,50230.0,50542.0,50580.0,50010.0
2020-11-12,50652.0,50352.0,50847.0,50272.0
2020-11-13,50956.0,50636.0,51161.0,50636.0
2020-11-14,50945.0,50961.0,51125.0,50901.0
2020-11-15,,,,
2020-11-16,50870.0,50948.0,51080.0,50111.0
2020-11-17,50806.0,50880.0,51038.0,50727.0
2020-11-18,50377.0,50680.0,50690.0,50108.0
2020-11-19,50063.0,50242.0,50265.0,49830.0
2020-11-20,50279.0,50100.0,50491.0,50001.0
2020-11-21,,,,
2020-11-22,,,,
2020-11-23,49555.0,50323.0,50400.0,49385.0
2020-11-24,48683.0,49429.0,49429.0,48621.0
2020-11-25,48568.0,48614.0,48981.0,48486.0
2020-11-26,48597.0,48600.0,48840.0,48495.0
2020-11-27,48189.0,48587.0,48668.0,47879.0
2020-11-28,,,,
2020-11-29,,,,
2020-11-30,47898.0,47889.0,48075.0,47526.0
2020-12-01,48641.0,48200.0,48937.0,47809.0
2020-12-02,48959.0,48630.0,49080.0,48377.0
2020-12-03,49061.0,49210.0,49334.0,48881.0
2020-12-04,49322.0,49054.0,49606.0,47651.0
2020-12-05,,,,
2020-12-06,,,,
2020-12-07,49923.0,49376.0,49991.0,48867.0
2020-12-08,50049.0,50100.0,50122.0,49710.0
2020-12-09,49256.0,49961.0,49961.0,49124.0
2020-12-10,49081.0,49256.0,49470.0,48968.0
2020-12-11,49306.0,49102.0,49395.0,48903.0
2020-12-12,,,,
2020-12-13,,,,
2020-12-14,48916.0,49255.0,49255.0,48659.0
2020-12-15,49416.0,48989.0,49522.0,48984.0
2020-12-16,49544.0,49500.0,49784.0,49422.0
2020-12-17,50263.0,49649.0,50425.0,49649.0
2020-12-18,50100.0,50110.0,50283.0,49885.0
2020-12-19,,,,
2020-12-20,,,,
2020-12-21,50146.0,50199.0,50716.0,49465.0
2020-12-22,49768.0,50224.0,50287.0,49667.0
2020-12-23,49909.0,49771.0,50020.0,49466.0
2020-12-24,49787.0,50021.0,50049.0,49630.0
2020-12-25,,,,
2020-12-26,,,,
2020-12-27,,,,
2020-12-28,49761.0,49900.0,50318.0,49711.0
2020-12-29,49722.0,49820.0,49899.0,49600.0
2020-12-30,49881.0,49840.0,49950.0,49599.0
2020-12-31,50081.0,49940.0,50139.0,49778.0
2021-01-01,50081.0,50123.0,50202.0,50003.0
2021-01-02,,,,
2021-01-03,,,,
2021-01-04,51349.0,50715.0,51493.0,50654.0
2021-01-05,51456.0,51334.0,51549.0,51202.0
2021-01-06,50545.0,51564.0,51857.0,50468.0
2021-01-07,50918.0,50632.0,51045.0,50632.0
2021-01-08,49035.0,50818.0,50824.0,48855.0
2021-01-09,,,,
2021-01-10,,,,
2021-01-11,49386.0,48835.0,49435.0,48578.0
2021-01-12,49098.0,49333.0,49620.0,49000.0
2021-01-13,49354.0,49248.0,49497.0,49210.0
2021-01-14,49238.0,49321.0,49321.0,48807.0
2021-01-15,48745.0,49277.0,49328.0,48600.0
2021-01-16,,,,
2021-01-17,,,,
2021-01-18,48918.0,48701.0,49000.0,48588.0
2021-01-19,49011.0,48918.0,49082.0,48775.0
2021-01-20,49528.0,49097.0,49614.0,48836.0
2021-01-21,49418.0,49600.0,49743.0,49315.0
2021-01-22,49131.0,49397.0,49397.0,48711.0
2021-01-23,,,,
2021-01-24,,,,
2021-01-25,49144.0,49137.0,49321.0,48936.0
2021-01-26,,,,
2021-01-27,48879.0,48919.0,48985.0,48554.0
2021-01-28,48672.0,48699.0,49248.0,48568.0
2021-01-29,49111.0,48672.0,49490.0,48672.0
2021-01-30,,,,
2021-01-31,,,,
2021-02-01,48424.0,49298.0,49438.0,47425.0
2021-02-02,47752.0,48344.0,48344.0,47531.0
2021-02-03,47703.0,47890.0,47925.0,47639.0
2021-02-04,46695.0,47050.0,47575.0,46501.0
2021-02-05,46978.0,46602.0,47100.0,46601.0
2021-02-06,,,,
2021-02-07,,,,
2021-02-08,47726.0,47147.0,47828.0,47064.0
2021-02-09,47818.0,47850.0,48061.0,47651.0
2021-02-10,47863.0,47930.0,48136.0,47711.0
2021-02-11,47377.0,47742.0,47950.0,47333.0
2021-02-12,47169.0,47670.0,47670.0,47012.0
2021-02-13,,,,
2021-02-14,,,,
2021-02-15,47118.0,47200.0,47297.0,47064.0
2021-02-16,46777.0,47118.0,47325.0,46600.0
2021-02-17,46134.0,46700.0,46709.0,46088.0
2021-02-18,46046.0,46244.0,46379.0,45955.0
2021-02-19,46095.0,45970.0,46359.0,45805.0
2021-02-20,,,,
2021-02-21,,,,
2021-02-22,46782.0,46297.0,46840.0,46125.0
2021-02-23,46632.0,46890.0,46890.0,46430.0
2021-02-24,46369.0,46580.0,46715.0,46160.0
2021-02-25,46085.0,46321.0,46496.0,45976.0
2021-02-26,45569.0,45911.0,46516.0,45475.0
2021-02-27,,,,
2021-02-28,,,,
2021-03-01,45021.0,46187.0,46188.0,44910.0
2021-03-02,45224.0,44945.0,45431.0,44873.0
2021-03-03,44721.0,45267.0,45267.0,44472.0
2021-03-04,44581.0,44686.0,44686.0,44370.0
2021-03-05,44442.0,44279.0,44499.0,44188.0
2021-03-06,,,,
2021-03-07,,,,
2021-03-08,44233.0,44720.0,44775.0,44163.0
2021-03-09,44844.0,44299.0,44918.0,44280.0
2021-03-10,44774.0,44750.0,44920.0,44636.0
2021-03-11,44876.0,44950.0,45135.0,44785.0
2021-03-12,44737.0,44740.0,44779.0,44310.0
2021-03-13,,,,
2021-03-14,,,,
2021-03-15,44906.0,44860.0,45038.0,44763.0
2021-03-16,44820.0,44962.0,45071.0,44775.0
2021-03-17,44848.0,44902.0,45018.0,44750.0
2021-03-18,44942.0,45000.0,45300.0,44625.0
2021-03-19,45008.0,44946.0,45125.0,44818.0
2021-03-20,,,,
2021-03-21,,,,
2021-03-22,44885.0,44922.0,45019.0,44632.0
2021-03-23,44636.0,44910.0,44984.0,44584.0
2021-03-24,44841.0,44786.0,44880.0,44679.0
2021-03-25,44726.0,44870.0,45025.0,44610.0
2021-03-26,44629.0,44652.0,44759.0,44437.0
2021-03-27,,,,
2021-03-28,,,,
2021-03-29,43754.0,44474.0,44560.0,43621.0
2021-03-30,43941.0,43950.0,44200.0,43819.0
2021-03-31,44418.0,43899.0,44529.0,43735.0
2021-04-01,44957.0,44500.0,45002.0,44500.0
2021-04-02,,,,
2021-04-03,,,,
2021-04-04,,,,
2021-04-05,44985.0,44918.0,45050.0,44805.0
2021-04-06,45685.0,45257.0,45730.0,45250.0
2021-04-07,46128.0,45600.0,46180.0,45518.0
2021-04-08,46576.0,46041.0,46620.0,46015.0
2021-04-09,46344.0,46458.0,46674.0,46085.0
2021-04-10,,,,
2021-04-11,,,,
2021-04-12,46188.0,46333.0,46514.0,46162.0
2021-04-13,46674.0,46202.0,46750.0,46125.0
2021-04-14,46317.0,46650.0,46659.0,46180.0
2021-04-15,46881.0,46370.0,46973.0,46370.0
2021-04-16,47022.0,46808.0,47097.0,46511.0
2021-04-17,,,,
2021-04-18,,,,
2021-04-19,47084.0,47025.0,47500.0,47000.0
2021-04-20,47498.0,47111.0,47538.0,46712.0
2021-04-21,47892.0,47531.0,48035.0,47531.0
2021-04-22,47426.0,47893.0,47936.0,47355.0
2021-04-23,47169.0,47534.0,47667.0,47046.0
2021-04-24,,,,
2021-04-25,,,,
2021-04-26,47117.0,47280.0,47280.0,46939.0
2021-04-27,46960.0,47090.0,47187.0,46920.0
2021-04-28,46697.0,46890.0,46890.0,46471.0
2021-04-29,46400.0,46867.0,46904.0,46138.0
2021-04-30,46431.0,46306.0,46590.0,46306.0
2021-05-01,,,,
2021-05-02,,,,
2021-05-03,46963.0,46849.0,47000.0,46618.0
2021-05-04,46782.0,46890.0,46943.0,46500.0
2021-05-05,46591.0,46680.0,46692.0,46500.0
2021-05-06,47536.0,47019.0,47573.0,46980.0
2021-05-07,47719.0,47540.0,47990.0,47512.0
2021-05-08,,,,
2021-05-09,,,,
2021-05-10,47925.0,47849.0,48083.0,47726.0
2021-05-11,47625.0,47906.0,47986.0,47351.0
2021-05-12,47491.0,47555.0,47838.0,47400.0
2021-05-13,47452.0,47400.0,47535.0,47251.0
2021-05-14,47682.0,47399.0,47706.0,47356.0
2021-05-15,,,,
2021-05-16,,,,
2021-05-17,48437.0,47855.0,48467.0,47855.0
2021-05-18,48288.0,48245.0,48496.0,48153.0
2021-05-19,48660.0,48275.0,48830.0,47960.0
2021-05-20,48519.0,48760.0,48760.0,48271.0
2021-05-21,48368.0,48351.0,48620.0,48230.0
2021-05-22,,,,
2021-05-23,,,,
2021-05-24,48514.0,48544.0,48605.0,48351.0
2021-05-25,48780.0,48447.0,48806.0,48300.0
2021-05-26,48728.0,48850.0,49100.0,48600.0
2021-05-27,48561.0,48730.0,48788.0,48435.0
2021-05-28,48543.0,48470.0,48588.0,48237.0
2021-05-29,,,,
2021-05-30,,,,
2021-05-31,48807.0,48664.0,48874.0,48582.0
2021-06-01,48935.0,48975.0,49210.0,48800.0
2021-06-02,49108.0,48963.0,49145.0,48948.0
2021-06-03,48293.0,49309.0,49309.0,48213.0
2021-06-04,48650.0,48321.0,48765.0,48200.0
2021-06-05,,,,
2021-06-06,,,,
2021-06-07,48911.0,48767.0,48936.0,48590.0
2021-06-08,48908.0,48882.0,49120.0,48732.0
2021-06-09,48904.0,48911.0,49036.0,48827.0
2021-06-10,48975.0,48829.0,49015.0,48502.0
2021-06-11,48717.0,49016.0,49145.0,48681.0
2021-06-12,,,,
2021-06-13,,,,
2021-06-14,48318.0,48680.0,48680.0,47962.0
2021-06-15,48230.0,48310.0,48495.0,48180.0
2021-06-16,48279.0,48240.0,48355.0,48181.0
2021-06-17,46781.0,48205.0,48205.0,46628.0
2021-06-18,46592.0,46860.0,47187.0,46526.0
2021-06-19,,,,
2021-06-20,,,,
2021-06-21,46904.0,46800.0,46960.0,46482.0
2021-06-22,46838.0,46981.0,47068.0,46721.0
2021-06-23,46921.0,46915.0,47123.0,46799.0
2021-06-24,46701.0,46850.0,46997.0,46638.0
2021-06-25,46757.0,46839.0,47050.0,46637.0
2021-06-26,,,,
2021-06-27,,,,
2021-06-28,46821.0,46400.0,46959.0,46400.0
2021-06-29,46438.0,46719.0,46809.0,46202.0
2021-06-30,46817.0,46448.0,46858.0,46372.0
2021-07-01,46985.0,46882.0,47999.0,46837.0
2021-07-02,47286.0,47200.0,47553.0,47200.0
2021-07-03,,,,
2021-07-04,,,,
2021-07-05,47567.0,47800.0,48704.0,47075.0
2021-07-06,47694.0,47418.0,47971.0,47418.0
2021-07-07,47887.0,47779.0,47963.0,47669.0
2021-07-08,47735.0,47814.0,48244.0,47650.0
2021-07-09,47898.0,47798.0,47922.0,47621.0
2021-07-10,,,,
2021-07-11,,,,
2021-07-12,47768.0,47750.0,47849.0,47503.0
2021-07-13,47887.0,47865.0,48035.0,47710.0
2021-07-14,48265.0,47954.0,48320.0,47902.0
2021-07-15,48358.0,48290.0,48460.0,48150.0
2021-07-16,48040.0,48330.0,48375.0,47980.0
2021-07-17,,,,
2021-07-18,,,,
2021-07-19,48069.0,48132.0,48200.0,47786.0
2021-07-20,47861.0,48170.0,48247.0,47788.0
2021-07-21,47584.0,47790.0,47790.0,47518.0
2021-07-22,47624.0,47518.0,47670.0,47320.0
2021-07-23,47521.0,47560.0,47700.0,47333.0
2021-07-24,,,,
2021-07-25,,,,
2021-07-26,47455.0,47615.0,47770.0,47430.0
2021-07-27,47551.0,47449.0,47609.0,47364.0
2021-07-28,47535.0,47640.0,47650.0,47411.0
2021-07-29,48210.0,47720.0,48250.0,47713.0
2021-07-30,47901.0,48239.0,48254.0,47830.0
2021-07-31,,,,
2021-08-01,,,,
2021-08-02,47937.0,48094.0,48172.0,47720.0
2021-08-03,47854.0,47820.0,48168.0,47760.0
2021-08-04,47872.0,47950.0,48300.0,47739.0
2021-08-05,47959.0,47870.0,48199.0,47790.0
2021-08-06,46682.0,47550.0,47571.0,46621.0
2021-08-07,,,,
2021-08-08,,,,
2021-08-09,45949.0,46600.0,46600.0,45860.0
2021-08-10,45936.0,46089.0,46148.0,45708.0
2021-08-11,46351.0,46029.0,46396.0,45915.0
2021-08-12,46335.0,46288.0,46518.0,46160.0
2021-08-13,46886.0,46400.0,46925.0,46370.0
2021-08-14,,,,
2021-08-15,,,,
2021-08-16,47138.0,46900.0,47190.0,46761.0
2021-08-17,47206.0,47132.0,47455.0,47106.0
2021-08-18,47069.0,47324.0,47344.0,46965.0
2021-08-19,47119.0,47150.0,47422.0,47027.0
2021-08-20,47110.0,47199.0,47286.0,47011.0
2021-08-21,,,,
2021-08-22,,,,
2021-08-23,47511.0,47170.0,47549.0,47100.0
2021-08-24,47532.0,47493.0,47634.0,47405.0
2021-08-25,47108.0,47351.0,47398.0,47025.0
2021-08-26,47163.0,47125.0,47285.0,46877.0
2021-08-27,47416.0,47312.0,47480.0,46777.0
2021-08-28,,,,
2021-08-29,,,,
2021-08-30,47049.0,47276.0,47466.0,47005.0
2021-08-31,47060.0,47220.0,47260.0,46800.0
2021-09-01,47093.0,47060.0,47599.0,46964.0
2021-09-02,47048.0,47142.0,47243.0,46929.0
2021-09-03,47342.0,47299.0,47500.0,47295.0
2021-09-04,,,,
2021-09-05,,,,
2021-09-06,47450.0,47534.0,47534.0,47402.0
2021-09-07,46989.0,47469.0,47469.0,46910.0
2021-09-08,47072.0,47047.0,47170.0,46800.0
2021-09-09,47021.0,46984.0,47128.0,46770.0
2021-09-10,46858.0,46987.0,47030.0,46810.0
2021-09-11,,,,
2021-09-12,,,,
2021-09-13,46946.0,46930.0,47060.0,46800.0
2021-09-14,47267.0,46924.0,47325.0,46672.0
2021-09-15,46949.0,47247.0,47281.0,46920.0
2021-09-16,46120.0,46984.0,46984.0,45876.0
2021-09-17,46025.0,46090.0,46263.0,45903.0
2021-09-18,,,,
2021-09-19,,,,
2021-09-20,46297.0,46020.0,46395.0,45913.0
2021-09-21,46641.0,46297.0,46798.0,46163.0
2021-09-22,46682.0,46663.0,46765.0,46575.0
2021-09-23,46083.0,46521.0,46550.0,45964.0
2021-09-24,45995.0,46100.0,46146.0,45805.0
2021-09-25,,,,
2021-09-26,,,,
2021-09-27,46064.0,46135.0,46215.0,45910.0
2021-09-28,45819.0,46008.0,46072.0,45679.0
2021-09-29,45550.0,45842.0,45960.0,45488.0
2021-09-30,46221.0,45790.0,46377.0,45507.0
2021-10-01,46315.0,46303.0,46360.0,46125.0
2021-10-02,,,,
2021-10-03,,,,
2021-10-04,46618.0,46299.0,46640.0,46209.0
2021-10-05,46459.0,46556.0,46557.0,46345.0
2021-10-06,46781.0,46550.0,46874.0,46451.0
2021-10-07,46737.0,46747.0,46869.0,46612.0
2021-10-08,46922.0,46740.0,47225.0,46702.0
2021-10-09,,,,
2021-10-10,,,,
2021-10-11,46941.0,46910.0,47090.0,46750.0
2021-10-12,47097.0,47025.0,47280.0,46941.0
2021-10-13,47753.0,47060.0,47845.0,47024.0
2021-10-14,47748.0,47682.0,47954.0,47651.0
2021-10-15,47106.0,47706.0,47706.0,47015.0
2021-10-16,,,,
2021-10-17,,,,
2021-10-18,47186.0,47200.0,47295.0,47077.0
2021-10-19,47196.0,47199.0,47525.0,47140.0
2021-10-20,47380.0,47260.0,47449.0,47174.0
2021-10-21,47314.0,47430.0,47460.0,47250.0
2021-10-22,47668.0,47439.0,48050.0,47375.0
2021-10-23,,,,
2021-10-24,,,,
2021-10-25,48030.0,47770.0,48140.0,47730.0
2021-10-26,47680.0,47996.0,48125.0,47480.0
2021-10-27,47804.0,47690.0,47870.0,47500.0
2021-10-28,47777.0,47889.0,48039.0,47610.0
2021-10-29,47502.0,47669.0,47862.0,47350.0
2021-10-30,,,,
2021-10-31,,,,
2021-11-01,47692.0,47649.0,47850.0,47510.0
2021-11-02,47683.0,47866.0,47939.0,47600.0
2021-11-03,46961.0,47550.0,47550.0,46839.0
2021-11-04,47559.0,47147.0,47592.0,47147.0
2021-11-05,47959.0,47520.0,47990.0,47315.0
2021-11-06,,,,
2021-11-07,,,,
2021-11-08,48025.0,48000.0,48144.0,47821.0
2021-11-09,48263.0,48034.0,48280.0,47981.0
2021-11-10,48857.0,48250.0,49244.0,48166.0
2021-11-11,49208.0,48983.0,49349.0,48900.0
2021-11-12,49277.0,49087.0,49300.0,48872.0
2021-11-13,,,,
2021-11-14,,,,
2021-11-15,49269.0,49170.0,49436.0,49081.0
2021-11-16,49038.0,49294.0,49579.0,49004.0
2021-11-17,49262.0,49069.0,49288.0,48976.0
2021-11-18,49047.0,49200.0,49237.0,48960.0
2021-11-19,48829.0,49101.0,49275.0,48705.0
2021-11-20,,,,
2021-11-21,,,,
2021-11-22,47963.0,48782.0,48900.0,47910.0
2021-11-23,47460.0,48001.0,48050.0,47400.0
2021-11-24,47469.0,47499.0,47700.0,47268.0
2021-11-25,47444.0,47542.0,47588.0,47371.0
2021-11-26,47610.0,47600.0,48180.0,47512.0
2021-11-27,,,,
2021-11-28,,,,
2021-11-29,47613.0,47800.0,47969.0,47593.0
2021-11-30,47439.0,47660.0,48119.0,47290.0
2021-12-01,47525.0,47488.0,47625.0,47429.0
2021-12-02,47307.0,47450.0,47465.0,47150.0
2021-12-03,47425.0,47280.0,47427.0,47243.0
2021-12-04,,,,
2021-12-05,,,,
2021-12-06,47787.0,47800.0,47882.0,47711.0
2021-12-07,47922.0,47840.0,48030.0,47594.0
2021-12-08,47900.0,47995.0,48125.0,47830.0
2021-12-09,47802.0,47900.0,48000.0,47723.0
2021-12-10,47993.0,47831.0,48088.0,47723.0
2021-12-11,,,,
2021-12-12,,,,
2021-12-13,48106.0,48002.0,48150.0,47970.0
2021-12-14,47895.0,48154.0,48154.0,47760.0
2021-12-15,47900.0,47870.0,48038.0,47780.0
2021-12-16,48407.0,48008.0,48428.0,47994.0
2021-12-17,48467.0,48300.0,48638.0,48300.0
2021-12-18,,,,
2021-12-19,,,,
2021-12-20,48130.0,48402.0,48499.0,48100.0
2021-12-21,47933.0,48130.0,48173.0,47830.0
2021-12-22,48026.0,47951.0,48046.0,47825.0
2021-12-23,48012.0,47900.0,48195.0,47880.0
2021-12-24,47982.0,48053.0,48099.0,47931.0
2021-12-25,,,,
2021-12-26,,,,
2021-12-27,47933.0,47996.0,48074.0,47886.0
2021-12-28,47888.0,47962.0,48094.0,47837.0
2021-12-29,47673.0,47864.0,47864.0,47463.0
2021-12-30,47746.0,47614.0,47848.0,47402.0
2021-12-31,47994.0,47800.0,48159.0,47706.0
